STATE,YEAR,RACE_TYPE,CONGRESSIONAL_DISTRICT,CANDIDATE_NAME,CANDIDATE_PARTY,VOTES
ALABAMA,1958,Senate,,Lister Hill,Democrat,201937
ALABAMA,1958,Senate,,James B. Martin,Republican,195134
ALABAMA,1958,House,,George Grant,Democrat,288074
ALABAMA,1958,House,,George W. Andrews,Democrat,293182
ALABAMA,1958,House,,Kenneth A. Roberts,Democrat,269410
ALABAMA,1958,House,,Albert Rains,Democrat,271075
ALABAMA,1958,House,,Armistead I. Selden Jr.,Democrat,295882
ALABAMA,1958,House,,Carl Elliott,Democrat,257299
ALABAMA,1958,House,,Robert E. Jones Jr.,Democrat,258674
ALABAMA,1958,House,,George Huddleston Jr.,Democrat,304219
ALABAMA,1958,House,,Tom Abernethy,Republican,158503
ALABAMA,1958,House,,John H. Buchanan Jr.,Republican,141202
ALABAMA,1958,House,,Evan Foreman Jr.,Republican,136339
ALABAMA,1958,House,,J. Chester Robinson,Republican,32446
ALASKA,1958,Senate,,Ernest Gruening,Democrat,33827
ALASKA,1958,Senate,,Ted Stevens,Republican,24354
ALASKA,1958,House,,Ralph J. Rivers,Democrat,33953
ALASKA,1958,House,,Lowell Thomas Jr.,Republican,26638
ARIZONA,1962,House,1,Howard W. Peterson,Democrat,79763
ARIZONA,1962,House,1,John J. Rhodes,Republican,113240
ARIZONA,1962,House,2,Morris K. Udall,Democrat,64510
ARIZONA,1962,House,2,Richard K. Burke,Republican,46219
ARIZONA,1962,House,3,George F. Senner Jr.,Democrat,25359
ARIZONA,1962,House,3,John P. Clark,Republican,19933
ARIZONA,1962,Senate,,Carl Hayden,Democrat,199217
ARIZONA,1962,Senate,,Evan Mecham,Republican,163388
ARKANSAS,1962,House,1,E. C. Gathings,Democrat,0
ARKANSAS,1962,House,2,Wilbur D. Mills,Democrat,0
ARKANSAS,1962,House,3,J. W. Trimble,Democrat,58786
ARKANSAS,1962,House,3,Cy Carney Jr.,Republican,25987
ARKANSAS,1962,House,4,Oren Harris,Democrat,74972
ARKANSAS,1962,House,4,Warren Lieblong,Republican,21818
ARKANSAS,1962,House,4,Frank Jarratt,Write-in,29
ARKANSAS,1962,Senate,,J. W. Fulbright,Democrat,214867
ARKANSAS,1962,Senate,,Kenneth Jones,Republican,98013
Alabama,1962,Senate,,203627,Democratic,203627
Alabama,1962,Senate,,193134,Republican,193134
Alaska,1962,Senate,,30127,Democratic,30127
Alaska,1962,Senate,,28127,Republican,28127
Arizona,1962,Senate,,114427,Democratic,114427
Arizona,1962,Senate,,142882,Republican,142882
CALIFORNIA,1962,House,1,Clem Miller,Democrat,100962
CALIFORNIA,1962,House,1,Don H. Clausen,Republican,97949
CALIFORNIA,1962,House,1,Scattering,,31
CALIFORNIA,1962,House,10,James P. Thurber Jr.,Democrat,68885
CALIFORNIA,1962,House,10,Charles S. Gubser,Republican,106419
CALIFORNIA,1962,House,10,Scattering,,21
CALIFORNIA,1962,House,11,William I. Keller,Democrat,61623
CALIFORNIA,1962,House,11,J. Arthur Younger,Republican,101963
CALIFORNIA,1962,House,11,Scattering,,6
CALIFORNIA,1962,House,12,William K. Steward,Democrat,47576
CALIFORNIA,1962,House,12,Burt L. Talcott,Republican,75424
CALIFORNIA,1962,House,12,Scattering,,26
CALIFORNIA,1962,House,13,George J. Holgate,Democrat,45736
CALIFORNIA,1962,House,13,Charles M. Teague,Republican,84743
CALIFORNIA,1962,House,13,Scattering,,12
CALIFORNIA,1962,House,14,Charles R. Weidner,Democrat,58369
CALIFORNIA,1962,House,14,John F. Baldwin,Republican,99040
CALIFORNIA,1962,House,14,Scattering,,9
CALIFORNIA,1962,House,15,John J. McFall,Democrat,97322
CALIFORNIA,1962,House,15,Arthur L. Young,Republican,41726
CALIFORNIA,1962,House,15,Scattering,,5
CALIFORNIA,1962,House,16,B. F. Sisk,Democrat,108339
CALIFORNIA,1962,House,16,Arthur L. Selland,Republican,42401
CALIFORNIA,1962,House,16,Scattering,,11
CALIFORNIA,1962,House,2,Harold T. Johnson,Democrat,106239
CALIFORNIA,1962,House,2,Fredric H. Nagel Jr.,Republican,58150
CALIFORNIA,1962,House,2,Scattering,,8
CALIFORNIA,1962,House,3,John E. Moss,Democrat,138257
CALIFORNIA,1962,House,3,George W. G. Smith,Republican,46510
CALIFORNIA,1962,House,3,Scattering,,24
CALIFORNIA,1962,House,4,Robert L. Leggett,Democrat,55563
CALIFORNIA,1962,House,4,L. V. Honsinger,Republican,42762
CALIFORNIA,1962,House,4,Scattering,,20
CALIFORNIA,1962,House,5,John F. Shelley,Democrat,64493
CALIFORNIA,1962,House,5,Roland S. Charles,Republican,15670
CALIFORNIA,1962,House,5,Scattering,,16
CALIFORNIA,1962,House,6,John A. O'Connell,Democrat,74429
CALIFORNIA,1962,House,6,William S. Mailliard,Republican,105762
CALIFORNIA,1962,House,6,Scattering,,3
CALIFORNIA,1962,House,7,Jeffery Cohelan,Democrat,86215
CALIFORNIA,1962,House,7,Leonard L. Cantando,Republican,47400
CALIFORNIA,1962,House,7,Scattering,,5
CALIFORNIA,1962,House,8,George P. Miller,Democrat,97014
CALIFORNIA,1962,House,8,Harold Petersen,Republican,36810
CALIFORNIA,1962,House,8,Scattering,,3
CALIFORNIA,1962,House,9,W. Donlon Edwards,Democrat,79616
CALIFORNIA,1962,House,9,Joseph F. Donovan,Republican,41194
CALIFORNIA,1962,House,9,Scattering,,2
CALIFORNIA,1962,Senate,,Richard Richards,Democrat,2452830
CALIFORNIA,1962,Senate,,Thomas H. Kuchel,Republican,3180483
CALIFORNIA,1962,Senate,,Howard Jarvis,Write-in,9963
CALIFORNIA,1962,Senate,,Linus Pauling,Write-in,2694
CALIFORNIA,1962,Senate,,Edward Brothers,Write-in,284
CALIFORNIA,1962,Senate,,Scattering,,1689
COLORADO,1962,House,1,Byron G. Rogers,Democrat,94080
COLORADO,1962,House,1,William B. Chenoweth,Republican,74392
COLORADO,1962,House,2,Conrad L. McBride,Democrat,83235
COLORADO,1962,House,2,Donald G. Brotzman,Republican,134939
COLORADO,1962,House,3,Albert J. (Al) Tomsic,Democrat,62097
COLORADO,1962,House,3,J. Edgar Chenoweth,Republican,74848
COLORADO,1962,House,4,Wayne N. Aspinall,Democrat,42462
COLORADO,1962,House,4,Leo L. Sommerville,Republican,29943
COLORADO,1962,Senate,,John A. Carroll,Democrat,279586
COLORADO,1962,Senate,,Peter H. Dominick,Republican,328655
COLORADO,1962,Senate,,Charlotte Benson,Socialist Labor,3546
COLORADO,1962,Senate,,Thomas Leonard,Socialist Workers,440
COLORADO,1962,Senate,,Henry John Olshaw,Independent,1217
CONNECTICUT,1962,House,1,Emilio Q. Daddario,Democrat,162844
CONNECTICUT,1962,House,1,James F. Collins,Republican,118767
CONNECTICUT,1962,House,1,Donald B. LaCroix,Write-in,1674
CONNECTICUT,1962,House,1,Scattering,Independent,1
CONNECTICUT,1962,House,2,William L. St. Onge,Democrat,83652
CONNECTICUT,1962,House,2,Moses A. Savin,Republican,81010
CONNECTICUT,1962,House,2,Scattering,Independent,1
CONNECTICUT,1962,House,3,Robert N. Giaimo,Democrat,104728
CONNECTICUT,1962,House,3,Daniel Reinhardsen,Republican,82215
CONNECTICUT,1962,House,4,Francis X. Lennon Jr.,Democrat,122392
CONNECTICUT,1962,House,4,Abner Sibal,Republican,132595
CONNECTICUT,1962,House,4,Scattering,Independent,1
CONNECTICUT,1962,House,5,John S. Monagan,Democrat,83321
CONNECTICUT,1962,House,5,John Rand,Republican,59072
CONNECTICUT,1962,House,5,Scattering,Independent,1
CONNECTICUT,1962,Senate,,Abraham A. Ribicoff,Democrat,527522
CONNECTICUT,1962,Senate,,Horace Seely-Brown Jr.,Republican,501694
CONNECTICUT,1962,Senate,,Scattering,Independent,85
CONNECTICUT,1962,House,,Bernard F. Grabowski,Democrat,543424
CONNECTICUT,1962,House,,John Lupton,Republican,487575
CONNECTICUT,1962,House,,Scattering,Independent,38
California,1962,Representative,17,Cecil R. King,Democrat,74964
California,1962,Representative,17,Ted Bruinsma,Republican,36063
California,1962,Representative,17,,Scattering,5
California,1962,Representative,18,Harlan Hagen,Democrat,91684
California,1962,Representative,18,Ray Arnett,Republican,64037
California,1962,Representative,18,,Scattering,4
California,1962,Representative,19,Chet Holifield,Democrat,78436
California,1962,Representative,19,Robert T. Ramsay,Republican,48976
California,1962,Representative,19,,Scattering,21
California,1962,Representative,20,Leon Mayer,Democrat,49850
California,1962,Representative,20,H. Allen Smith,Republican,119038
California,1962,Representative,20,,Scattering,16
California,1962,Representative,21,Augustus F. Hawkins,Democrat,73465
California,1962,Representative,21,Herman Smith,Republican,13371
California,1962,Representative,21,,Scattering,5
California,1962,Representative,22,James C. Corman,Democrat,75294
California,1962,Representative,22,Charles S. Foote,Republican,65087
California,1962,Representative,22,,Scattering,33
California,1962,Representative,23,Clyde Doyle,Democrat,83269
California,1962,Representative,23,Del Clawson,Republican,46488
California,1962,Representative,23,,Scattering,12
California,1962,Representative,24,Knox Mellon,Democrat,50970
California,1962,Representative,24,Glenard P. Lipscomb,Republican,120884
California,1962,Representative,24,,Scattering,19
California,1962,Representative,25,Ronald Brooks Cameron,Democrat,62371
California,1962,Representative,25,John H. Rousselot,Republican,53961
California,1962,Representative,25,,Scattering,1192
California,1962,Representative,26,James Roosevelt,Democrat,112192
California,1962,Representative,26,Daniel Beltz,Republican,52063
California,1962,Representative,26,,Scattering,21
California,1962,Representative,27,Everett G. Burkhalter,Democrat,66979
California,1962,Representative,27,Edgar W. Hiestand,Republican,61538
California,1962,Representative,27,,Scattering,49
California,1962,Representative,28,Robert J. Felixson,Democrat,91305
California,1962,Representative,28,Alphonzo Bell,Republican,162233
California,1962,Representative,28,,Scattering,64
California,1962,Representative,29,George E. Brown Jr.,Democrat,73740
California,1962,Representative,29,H. L. Richardson,Republican,58760
California,1962,Representative,29,,Scattering,27
California,1962,Representative,30,Edward R. Roybal,Democrat,69608
California,1962,Representative,30,Gordon L. McDonough,Republican,53104
California,1962,Representative,30,,Scattering,16
California,1962,Representative,31,Charles H. Wilson,Democrat,76631
California,1962,Representative,31,Gordon Hahn,Republican,70154
California,1962,Representative,31,,Scattering,35
California,1962,Representative,32,J. Lehnrich,Democrat,47917
California,1962,Representative,32,Craig Hosmer,Republican,115915
California,1962,Representative,32,,Scattering,33
California,1962,Representative,33,Harry R. Sheppard,Democrat,96192
California,1962,Representative,33,William B. Thomas,Republican,66764
California,1962,Representative,33,,Scattering,18
California,1962,Representative,34,Richard T. Hanna,Democrat,90758
California,1962,Representative,34,Robert A. Geer,Republican,71478
California,1962,Representative,34,,Scattering,16
California,1962,House,35,Burton Shamsky,Democratic,61395
California,1962,House,35,James B. Utt,Republican,133737
California,1962,House,35,,Scattering,54
California,1962,House,36,William C. Godfrey,Democratic,56637
California,1962,House,36,Bob Wilson,Republican,91626
California,1962,House,36,,Scattering,69
California,1962,House,37,Lionel Van Deerlin,Democratic,63821
California,1962,House,37,Dick Wilson,Republican,60460
California,1962,House,37,,Scattering,70
California,1962,House,38,D. S. (Judge) Saund,Democratic,54022
California,1962,House,38,Minor C. Martin,Republican,68583
California,1962,House,38,,Scattering,30
California,1962,Senate,,Richard Richards,Democratic,2442839
California,1962,Senate,,2442835,Democratic,2442835
California,1962,Senate,,3180197,Republican,3180197
Colorado,1962,Senate,,227207,Democratic,227207
Colorado,1962,Senate,,202261,Republican,202261
Connecticut,1962,Senate,,627523,Democratic,627523
Connecticut,1962,Senate,,1237,Independent,1237
Connecticut,1962,Senate,,3546,Socialist Labor,3546
DELAWARE,1962,House,,Harris B. McDowell,Democrat,81166
DELAWARE,1962,House,,Wilmer F. (Rudy) Williams,Republican,71934
FLORIDA,1962,House,1,Robert L. F. Sikes,Democrat,35781
FLORIDA,1962,House,1,M. M. Woolley,Republican,7062
FLORIDA,1962,House,10,Sam M. Gibbons,Democrat,41426
FLORIDA,1962,House,10,Victor A. Rule,Republican,17214
FLORIDA,1962,House,11,John A. Sutton,Democrat,43348
FLORIDA,1962,House,11,Edward J. Gurney,Republican,46814
FLORIDA,1962,House,11,Scattering,,1
FLORIDA,1962,House,12,Grover C. Criswell Jr.,Democrat,43431
FLORIDA,1962,House,12,William C. Cramer,Republican,78982
FLORIDA,1962,House,2,Charles E. Bennett,Democrat,41378
FLORIDA,1962,House,2,Scattering,,106
FLORIDA,1962,House,3,Claude Pepper,Democrat,59985
FLORIDA,1962,House,3,Robert A. Peterson,Republican,44164
FLORIDA,1962,House,3,Scattering,,17
FLORIDA,1962,House,4,Dante B. Fascell,Democrat,67136
FLORIDA,1962,House,4,J. C. McGlon Jr.,Republican,36981
FLORIDA,1962,House,4,Scattering,,1
FLORIDA,1962,House,5,A. Sydney Herlong Jr.,Democrat,54383
FLORIDA,1962,House,5,Hubert H. Hevey Jr.,Republican,29008
FLORIDA,1962,House,6,Paul G. Rogers,Democrat,102396
FLORIDA,1962,House,6,Frederick A. Kibbe,Republican,27112
FLORIDA,1962,House,6,Scattering,,3
FLORIDA,1962,House,7,James A. Haley,Democrat,52417
FLORIDA,1962,House,7,F. Onell Rogells,Republican,26042
FLORIDA,1962,House,7,Scattering,,11
FLORIDA,1962,House,8,D. R. (Billy) Matthews,Democrat,23396
FLORIDA,1962,House,9,Don Fuqua,Democrat,23651
FLORIDA,1962,House,9,Wilfred C. Varn,Republican,7735
FLORIDA,1962,House,9,Scattering,,11
FLORIDA,1962,Senate,,George A. Smathers,Democrat,657633
FLORIDA,1962,Senate,,Emerson Rupert,Republican,329381
FLORIDA,1962,Senate,,Scattering,,193
Florida,1962,Senate,,504872,Democratic,504872
Florida,1962,Senate,,157167,Republican,157167
GEORGIA,1962,House,1,G. Elliott Hagan,Democrat,28229
GEORGIA,1962,House,1,Scattering,,615
GEORGIA,1962,House,10,Robert G. Stephens Jr.,Democrat,27169
GEORGIA,1962,House,2,John L. Pilcher,Democrat,18967
GEORGIA,1962,House,2,Scattering,,739
GEORGIA,1962,House,3,E. L. (Tic) Forrester,Democrat,25001
GEORGIA,1962,House,4,John J. Flynt Jr.,Democrat,21214
GEORGIA,1962,House,5,Charles L. Weltner,Democrat,60585
GEORGIA,1962,House,5,J. J. (Jim) O'Callaghan,Republican,48466
GEORGIA,1962,House,6,Carl Vinson,Democrat,19701
GEORGIA,1962,House,7,John W. Davis,Democrat,28994
GEORGIA,1962,House,7,Ralph Ivey,Republican,11048
GEORGIA,1962,House,8,J. Russell Tuten,Democrat,19694
GEORGIA,1962,House,9,Phil M. Landrum,Democrat,25942
GEORGIA,1962,Senate,,Herman E. Talmadge,Democrat,306250
HAWAII,1962,House,0,Thomas P. Gill,Democrat,123649
HAWAII,1962,House,0,Spark M. Matsunaga,Democrat,123599
HAWAII,1962,House,0,Albert W. Evensen,Republican,70880
HAWAII,1962,House,0,Richard (Ike) Sutton,Republican,46292
HAWAII,1962,Senate,,Daniel K. Inouye,Democrat,136294
HAWAII,1962,Senate,,Ben F. Dillingham,Republican,60067
Hawaii,1962,Senate,,114107,Democratic,114107
Hawaii,1962,Senate,,85854,Republican,85854
IDAHO,1962,House,1,Compton I. White Jr.,Democrat,51422
IDAHO,1962,House,1,Erwin H. Schwiebert,Republican,45552
IDAHO,1962,House,2,Ralph R. Harding,Democrat,83152
IDAHO,1962,House,2,Orval Hansen,Republican,74203
IDAHO,1962,Senate,,Frank Church,Democrat,141657
IDAHO,1962,Senate,,Jack Hawley,Republican,117129
IDAHO,1962,Senate,,Gracie Pfost,Democrat,126398
IDAHO,1962,Senate,,Len B. Jordan,Republican,131279
ILLINOIS,1962,House,1,William L. Dawson,Democrat,98305
ILLINOIS,1962,House,1,Benjamin C. Duster,Republican,34379
ILLINOIS,1962,House,10,Joseph A. Salerno,Democrat,74986
ILLINOIS,1962,House,10,Harold R. Collier,Republican,149761
ILLINOIS,1962,House,11,Roman C. Pucinski,Democrat,103677
ILLINOIS,1962,House,11,Henry J. Hyde,Republican,92910
ILLINOIS,1962,House,12,John C. Kimball,Democrat,43200
ILLINOIS,1962,House,12,Robert McClory,Republican,76335
ILLINOIS,1962,House,13,John A. Kennedy,Democrat,79419
ILLINOIS,1962,House,13,Donald Rumsfeld,Republican,139230
ILLINOIS,1962,House,14,Jerome M. Ziegler,Democrat,72399
ILLINOIS,1962,House,14,Elmer J. Hoffman,Republican,107282
ILLINOIS,1962,House,15,Stanley H. Cowan,Democrat,49444
ILLINOIS,1962,House,15,Mrs. Frank R. Reid Jr.,Republican,77718
ILLINOIS,1962,House,16,Walter S. Busky,Democrat,28853
ILLINOIS,1962,House,16,John B. Anderson,Republican,78494
ILLINOIS,1962,House,17,Donald M. Laughlin,Democrat,52592
ILLINOIS,1962,House,17,Leslie C. Arends,Republican,87612
ILLINOIS,1962,House,18,Francis D. Nash,Democrat,48177
ILLINOIS,1962,House,18,Robert H. Michel,Republican,75957
ILLINOIS,1962,House,19,David DeGrazia,Democrat,52482
ILLINOIS,1962,House,19,Robert T. McLoskey,Republican,60547
ILLINOIS,1962,House,2,Barratt O'Hara,Democrat,78119
ILLINOIS,1962,House,2,Philip G. Bixler,Republican,47355
ILLINOIS,1962,House,20,Peter F. Mack Jr.,Democrat,89522
ILLINOIS,1962,House,20,Paul Findley,Republican,100558
ILLINOIS,1962,House,21,Kenneth J. Gray,Democrat,96971
ILLINOIS,1962,House,21,Frank H. Walker,Republican,64687
ILLINOIS,1962,House,22,Bob Wilson,Democrat,47745
ILLINOIS,1962,House,22,William L. Springer,Republican,70870
ILLINOIS,1962,House,22,,Scattering,1
ILLINOIS,1962,House,23,George E. Shipley,Democrat,99133
ILLINOIS,1962,House,23,Edward H. Jenison,Republican,92562
ILLINOIS,1962,House,24,Melvin Price,Democrat,95522
ILLINOIS,1962,House,24,Kurt Glaser,Republican,33903
ILLINOIS,1962,House,3,William T. Murphy,Democrat,82806
ILLINOIS,1962,House,3,Ernest E. Michaels,Republican,77814
ILLINOIS,1962,House,4,Richard E. Friedman,Democrat,62189
ILLINOIS,1962,House,4,Edward J. Derwinski,Republican,114954
ILLINOIS,1962,House,5,John C. Kluczynski,Democrat,84455
ILLINOIS,1962,House,5,Joseph Potempa,Republican,48825
ILLINOIS,1962,House,6,Thomas J. O'Brien,Democrat,72183
ILLINOIS,1962,House,6,Adolph Herda,Republican,20690
ILLINOIS,1962,House,7,Roland V. Libonati,Democrat,86677
ILLINOIS,1962,House,7,Joseph D. Day,Republican,23285
ILLINOIS,1962,House,8,Daniel D. Rostenkowski,Democrat,112778
ILLINOIS,1962,House,8,Irvin R. Techon,Republican,72726
ILLINOIS,1962,House,9,Edward R. Finnegan,Democrat,80378
ILLINOIS,1962,House,9,Thomas E. Ward,Republican,60196
ILLINOIS,1962,Senate,,Sidney R. Yates,Democrat,1748007
ILLINOIS,1962,Senate,,Everett M. Dirksen,Republican,1961202
ILLINOIS,1962,Senate,,,,1748007
ILLINOIS,1962,Senate,,,,1961202
INDIANA,1962,House,1,Ray J. Madden,Democrat,104212
INDIANA,1962,House,1,Harold Moody,Republican,67230
INDIANA,1962,House,1,Harry C. Beamer,Prohibition,802
INDIANA,1962,House,10,John E. Mitchell,Democrat,72009
INDIANA,1962,House,10,Ralph Harvey,Republican,81007
INDIANA,1962,House,11,Andrew Jacobs Jr.,Democrat,107747
INDIANA,1962,House,11,Donald C. Bruce,Republican,127763
INDIANA,1962,House,2,John J. Murray,Democrat,61076
INDIANA,1962,House,2,Charles A. Halleck,Republican,82971
INDIANA,1962,House,3,John Brademas,Democrat,92609
INDIANA,1962,House,3,Charles W. Ainlay,Republican,85845
INDIANA,1962,House,4,Ronald R. Ross,Democrat,64553
INDIANA,1962,House,4,E. Ross Adair,Republican,80693
INDIANA,1962,House,5,J. Edward Roush,Democrat,92294
INDIANA,1962,House,5,George O. Chambers,Republican,86403
INDIANA,1962,House,6,Fred Wampler,Democrat,68777
INDIANA,1962,House,6,Richard L. Roudebush,Republican,76506
INDIANA,1962,House,7,Eldon C. Tipton,Democrat,59953
INDIANA,1962,House,7,William G. Bray,Republican,82160
INDIANA,1962,House,8,Winfield K. Denton,Democrat,65126
INDIANA,1962,House,8,Earl J. Heseman,Republican,75731
INDIANA,1962,House,9,John Pritchard,Democrat,59985
INDIANA,1962,House,9,Earl Wilson,Republican,65287
INDIANA,1962,Senate,,Birch E. Bayh,Democrat,905491
INDIANA,1962,Senate,,Homer E. Capehart,Republican,894547
IOWA,1962,House,1,Harold Stephens,Democrat,42000
IOWA,1962,House,1,Fred Schwengel,Republican,65975
IOWA,1962,House,2,Frank W. Less,Democrat,60296
IOWA,1962,House,2,James E. Bromwell,Republican,67475
IOWA,1962,House,3,Neal F. Hill,Democrat,50580
IOWA,1962,House,3,H. R. Gross,Republican,66337
IOWA,1962,House,4,Gene W. Glenn,Democrat,51810
IOWA,1962,House,4,John Kyl,Republican,65538
IOWA,1962,House,5,Neal Smith,Democrat,73963
IOWA,1962,House,5,Sonja C. Egenes,Republican,43877
IOWA,1962,House,6,Donald W. Murray,Democrat,47542
IOWA,1962,House,6,Charles B. Hoeven,Republican,66940
IOWA,1962,House,7,Ed Peters,Democrat,44171
IOWA,1962,House,7,Ben F. Jensen,Republican,56341
IOWA,1962,Senate,,E. B. Smith,Democrat,376602
IOWA,1962,Senate,,Bourke B. Hickenlooper,Republican,431364
Idaho,1962,Senate,,95583,Democratic,95583
Idaho,1962,Senate,,126402,Republican,126402
Indiana,1962,Senate,,896466,Democratic,896466
Indiana,1962,Senate,,826908,Republican,826908
KANSAS,1962,House,1,J. Floyd Breeding,Democrat,81092
KANSAS,1962,House,1,Bob Dole,Republican,102499
KANSAS,1962,House,2,Harry F. Kehoe,Democrat,38923
KANSAS,1962,House,2,William H. Avery,Republican,72945
KANSAS,1962,House,3,Bill Sparks,Democrat,35166
KANSAS,1962,House,3,Robert F. Ellsworth,Republican,60865
KANSAS,1962,House,4,Lawrence J. Wetzel,Democrat,35922
KANSAS,1962,House,4,Garner E. Shriver,Republican,72712
KANSAS,1962,House,5,Wade A. Myers,Democrat,58453
KANSAS,1962,House,5,Joe Skubitz,Republican,66705
KANSAS,1962,Senate,,K. L. (Ken) Smith,Democrat,223630
KANSAS,1962,Senate,,Frank Carlson,Republican,388500
KANSAS,1962,Senate,,George E. Kline,Prohibition,10098
KANSAS,1962,Senate,,Paul L. Aylward,Democrat,260756
KANSAS,1962,Senate,,James B. Pearson,Republican,344589
KANSAS,1962,Senate,,C. B. Cowen,Prohibition,7804
KENTUCKY,1962,House,1,Frank A. Stubblefield,Democrat,53240
KENTUCKY,1962,House,2,William H. Natcher,Democrat,45999
KENTUCKY,1962,House,3,Frank W. Burke,Democrat,91544
KENTUCKY,1962,House,3,"M. G. ""Gene"" Snyder",Republican,94579
KENTUCKY,1962,House,4,Frank Chelf,Democrat,57956
KENTUCKY,1962,House,4,Clyde Middleton,Republican,51637
KENTUCKY,1962,House,5,Gene Siler,Republican,59326
KENTUCKY,1962,House,6,John C. Watts,Democrat,53454
KENTUCKY,1962,House,7,Carl D. Perkins,Democrat,70185
KENTUCKY,1962,House,7,C. Alex Parker Jr.,Republican,52640
KENTUCKY,1962,House,7,Rex Henrickson,Independent,893
KENTUCKY,1962,Senate,,Wilson W. Wyatt,Democrat,387440
KENTUCKY,1962,Senate,,Thruston B. Morton,Republican,432648
LOUISIANA,1962,House,1,F. Edward HÃ©bert,Democrat,57326
LOUISIANA,1962,House,2,Hale Boggs,Democrat,57395
LOUISIANA,1962,House,2,David C. Treen,Republican,27971
LOUISIANA,1962,House,3,Edwin E. Willis,Democrat,26170
LOUISIANA,1962,House,4,J. D. (Joe) Waggonner Jr.,Democrat,29754
LOUISIANA,1962,House,5,Otto E. Passman,Democrat,24609
LOUISIANA,1962,House,6,James H. Morrison,Democrat,48894
LOUISIANA,1962,House,7,T. A. Thompson,Democrat,33983
LOUISIANA,1962,House,8,Gillis William Long,Democrat,25682
LOUISIANA,1962,House,8,Jack W. Lewis,Republican,14448
LOUISIANA,1962,Senate,,Russell B. Long,Democrat,318838
LOUISIANA,1962,Senate,,Taylor Walters O'Hearn,Republican,103066
MAINE,1962,House,1,Ronald Kellam,Democrat,58129
MAINE,1962,House,1,Stanley R. Tupper,Republican,85864
MAINE,1962,House,2,William D. Hathaway,Democrat,69159
MAINE,1962,House,2,Clifford G. McIntire,Republican,72349
MARYLAND,1962,House,1,Thomas F. Johnson,Democrat,29653
MARYLAND,1962,House,1,Rogers C. B. Morton,Republican,33664
MARYLAND,1962,House,2,Clarence D. Long,Democrat,85383
MARYLAND,1962,House,2,John Fife Symington Jr.,Republican,79075
MARYLAND,1962,House,3,Edward A. Garmatz,Democrat,41446
MARYLAND,1962,House,4,George H. Fallon,Democrat,35077
MARYLAND,1962,House,4,John E. Brandau,Republican,13425
MARYLAND,1962,House,5,Richard E. Lankford,Democrat,85606
MARYLAND,1962,House,5,Joseph M. Baker Jr.,Republican,58392
MARYLAND,1962,House,6,John R. Foley,Democrat,68116
MARYLAND,1962,House,6,Charles McC. Mathias Jr.,Republican,106212
MARYLAND,1962,House,7,Samuel N. Friedel,Democrat,57958
MARYLAND,1962,House,7,Caroline R. Ramsay,Republican,24825
MARYLAND,1962,Senate,,Daniel B. Brewster,Democrat,439723
MARYLAND,1962,Senate,,Edward T. Miller,Republican,269131
MARYLAND,1962,Senate,,Scattering,,1
MARYLAND,1962,House,,Carlton R. Sickles,Democrat,388107
MARYLAND,1962,House,,Newton I. Steers,Republican,308801
MASSACHUSETTS,1962,Senate,,Edward M. Kennedy,Democrat,1102611
MASSACHUSETTS,1962,Senate,,George C. Lodge,Republican,877669
MASSACHUSETTS,1962,Senate,,H. Stuart Hughes,Independent,50013
MASSACHUSETTS,1962,Senate,,Lawrence Gilfedder,Socialist Labor,5330
MASSACHUSETTS,1962,Senate,,Mark R. Shaw,Prohibition,1433
MASSACHUSETTS,1962,Senate,,Scattering,,23
MICHIGAN,1962,House,1,Lucien N. Nedzi,Democrat,82321
MICHIGAN,1962,House,1,Walter Czarnecki,Republican,9916
MICHIGAN,1962,House,10,Hubert C. Evans,Democrat,39771
MICHIGAN,1962,House,10,Elford A. Cederberg,Republican,63452
MICHIGAN,1962,House,11,Warren P. Cleary,Democrat,36886
MICHIGAN,1962,House,11,Victor A. Knox,Republican,48244
MICHIGAN,1962,House,11,,Scattering,1
MICHIGAN,1962,House,12,William J. Bolognesi,Democrat,24240
MICHIGAN,1962,House,12,John B. Bennett,Republican,41784
MICHIGAN,1962,House,13,Charles Coles Diggs Jr.,Democrat,59688
MICHIGAN,1962,House,13,Robert B. Blackwell,Republican,24134
MICHIGAN,1962,House,14,Harold M. Ryan,Democrat,108025
MICHIGAN,1962,House,14,Lois V. Nair,Republican,66889
MICHIGAN,1962,House,15,John D. Dingell,Democrat,94197
MICHIGAN,1962,House,15,Ernest Richard,Republican,19298
MICHIGAN,1962,House,16,John Lesinski,Democrat,180626
MICHIGAN,1962,House,16,Laverne O. Elliott,Republican,85455
MICHIGAN,1962,House,17,Martha W. Griffiths,Democrat,122021
MICHIGAN,1962,House,17,James F. O'Neill,Republican,83870
MICHIGAN,1962,House,18,George J. Fulkerson,Democrat,101468
MICHIGAN,1962,House,18,William S. Broomfield,Republican,149863
MICHIGAN,1962,House,2,Thomas P. Payne,Democrat,63036
MICHIGAN,1962,House,2,George Meader,Republican,88427
MICHIGAN,1962,House,2,,Scattering,1
MICHIGAN,1962,House,3,Paul H. Todd Jr.,Democrat,52667
MICHIGAN,1962,House,3,August E. Johansen,Republican,77319
MICHIGAN,1962,House,3,,Scattering,2
MICHIGAN,1962,House,4,Leland D. Mitchell,Democrat,41620
MICHIGAN,1962,House,4,Edward Hutchinson,Republican,73308
MICHIGAN,1962,House,4,,Scattering,1
MICHIGAN,1962,House,5,William G. Reamon,Democrat,54112
MICHIGAN,1962,House,5,Gerald R. Ford,Republican,110043
MICHIGAN,1962,House,6,Don Hayworth,Democrat,94157
MICHIGAN,1962,House,6,Charles E. Chamberlain,Republican,112861
MICHIGAN,1962,House,6,,Scattering,1
MICHIGAN,1962,House,7,James G. O'Hara,Democrat,127067
MICHIGAN,1962,House,7,H. Charles Knill,Republican,98742
MICHIGAN,1962,House,8,Jerome T. Hart,Democrat,59376
MICHIGAN,1962,House,8,James Harvey,Republican,77022
MICHIGAN,1962,House,9,Donald G. Jennings,Democrat,45536
MICHIGAN,1962,House,9,Robert P. Griffin,Republican,96047
MICHIGAN,1962,House,,Neil Staebler,Democrat,1392321
MICHIGAN,1962,House,,Alvin M. Bentley,Republican,1282652
MICHIGAN,1962,House,,Ralph M. Muncy,Socialist Labor,4950
MINNESOTA,1962,Representative,1,David L. Graven,Democrat-Farmer-Labor,66956
MINNESOTA,1962,Representative,1,Albert H. Quie,Republican,90632
MINNESOTA,1962,Representative,2,Conrad Hammar,Democrat-Farmer-Labor,49543
MINNESOTA,1962,Representative,2,Ancher Nelsen,Republican,81557
MINNESOTA,1962,Representative,3,Irving R. Keldsen,Democrat-Farmer-Labor,58066
MINNESOTA,1962,Representative,3,Clark MacGregor,Republican,87730
MINNESOTA,1962,Representative,4,Joseph E. Karth,Democrat-Farmer-Labor,93519
MINNESOTA,1962,Representative,4,Harry Strong,Republican,63766
MINNESOTA,1962,Representative,5,Donald M. Fraser,Democrat-Farmer-Labor,87092
MINNESOTA,1962,Representative,5,Walter H. Judd,Republican,80865
MINNESOTA,1962,Representative,5,Joseph Johnson,Socialist Workers,575
MINNESOTA,1962,Representative,6,Alec G. Olson,Democrat-Farmer-Labor,77310
MINNESOTA,1962,Representative,6,Robert J. Odegard,Republican,76962
MINNESOTA,1962,Representative,7,Harding C. Noblitt,Democrat-Farmer-Labor,65161
MINNESOTA,1962,Representative,7,Odin Langen,Republican,70546
MINNESOTA,1962,Representative,8,John A. Blatnik,Democrat-Farmer-Labor,101507
MINNESOTA,1962,Representative,8,Jerry H. Ketola,Republican,52996
MISSISSIPPI,1962,House,1,Thomas G. Abernethy,Democrat,26251
MISSISSIPPI,1962,House,2,Jamie L. Whitten,Democrat,31345
MISSISSIPPI,1962,House,3,John Bell Williams,Democrat,38093
MISSISSIPPI,1962,House,4,Arthur Winstead,Democrat,21730
MISSISSIPPI,1962,House,4,Sterling P. Davis Jr.,Independent,4461
MISSISSIPPI,1962,House,5,William M. Colmer,Democrat,39753
MISSOURI,1962,House,1,Frank M. Karsten,Democrat,82216
MISSOURI,1962,House,1,Charles F. Cherry,Republican,34089
MISSOURI,1962,House,10,Paul C. Jones,Democrat,59581
MISSOURI,1962,House,10,Truman Farrow,Republican,32828
MISSOURI,1962,House,2,Philip V. Maher,Democrat,79732
MISSOURI,1962,House,2,Thomas B. Curtis,Republican,102861
MISSOURI,1962,House,3,Leonor K. Sullivan,Democrat,81346
MISSOURI,1962,House,3,J. Marvin Krause,Republican,34031
MISSOURI,1962,House,4,Wm. J. Randall,Democrat,59599
MISSOURI,1962,House,4,John D. Fox,Republican,50945
MISSOURI,1962,House,5,Richard Bolling,Democrat,54166
MISSOURI,1962,House,5,Walter McCarty,Republican,37835
MISSOURI,1962,House,6,W. R. Hull Jr.,Democrat,62366
MISSOURI,1962,House,6,Ethan H. Campbell,Republican,59339
MISSOURI,1962,House,7,Jim Thomas,Democrat,62082
MISSOURI,1962,House,7,Durward G. Hall,Republican,84631
MISSOURI,1962,House,8,Richard Ichord,Democrat,77535
MISSOURI,1962,House,8,David W. Bernhardt,Republican,53862
MISSOURI,1962,House,9,Clarence Cannon,Democrat,71908
MISSOURI,1962,House,9,Anthony C. Schroeder,Republican,47026
MISSOURI,1962,Senate,,Edward V. Long,Democrat,663301
MISSOURI,1962,Senate,,Crosby Kemper,Republican,555330
MONTANA,1962,House,1,Arnold Olsen,Democrat,55611
MONTANA,1962,House,1,Wayne Montgomery,Republican,49760
MONTANA,1962,House,2,Leo Graybill Jr.,Democrat,63755
MONTANA,1962,House,2,James F. Battin,Republican,79315
Maine,1962,Senate,,102541,Democratic,102541
Maine,1962,Senate,,125074,Republican,125074
Maryland,1962,Senate,,386908,Democratic,386908
Maryland,1962,Senate,,328646,Republican,328646
Massachusetts,1962,House,1,William K. Hefner,Democrat,36711
Massachusetts,1962,House,1,Silvio O. Conte,Republican,106498
Massachusetts,1962,House,1,Scattering,,4
Massachusetts,1962,House,10,Edward F. Doolan,Democrat,65443
Massachusetts,1962,House,10,Joseph W. Martin Jr.,Republican,124091
Massachusetts,1962,House,10,Scattering,,2
Massachusetts,1962,House,11,James A. Burke,Democrat,121030
Massachusetts,1962,House,11,Harry F. Stimpson Jr.,Republican,67138
Massachusetts,1962,House,11,Scattering,,1
Massachusetts,1962,House,12,Alexander Byron,Democrat,59681
Massachusetts,1962,House,12,Hastings Keith,Republican,107000
Massachusetts,1962,House,2,Edward P. Boland,Democrat,92340
Massachusetts,1962,House,2,Samuel S. Rodman Jr.,Republican,43873
Massachusetts,1962,House,3,Philip J. Philbin,Democrat,129326
Massachusetts,1962,House,3,Frank Anthony,Republican,49418
Massachusetts,1962,House,3,Scattering,,4
Massachusetts,1962,House,4,Harold D. Donohue,Democrat,145166
Massachusetts,1962,House,4,Stanley E. Shogren,Prohibition,15310
Massachusetts,1962,House,4,Scattering,,32
Massachusetts,1962,House,5,Thomas J. Lane,Democrat,83594
Massachusetts,1962,House,5,F. Bradford Morse,Republican,112455
Massachusetts,1962,House,6,George J. O'Shea Jr.,Democrat,88187
Massachusetts,1962,House,6,William H. Bates,Republican,113104
Massachusetts,1962,House,7,Torbert H. Macdonald,Democrat,119117
Massachusetts,1962,House,7,Gordon F. Hughes,Republican,47289
Massachusetts,1962,House,8,Thomas P. O'Neill Jr.,Democrat,100814
Massachusetts,1962,House,8,Howard Greyber,Republican,37374
Massachusetts,1962,House,9,John W. McCormack,Democrat,105565
Massachusetts,1962,House,9,Scattering,,2
Massachusetts,1962,Senate,,1340262,Democratic,1340262
Massachusetts,1962,Senate,,1038176,Republican,1038176
Massachusetts,1962,Senate,,10908,Prohibition,10908
Michigan,1962,Senate,,1555117,Democratic,1555117
Michigan,1962,Senate,,1272408,Republican,1272408
Michigan,1962,Senate,,7786,Socialist Labor,7786
Minnesota,1962,Senate,,600506,Democratic,600506
Minnesota,1962,Senate,,572425,Republican,572425
Minnesota,1962,Senate,,17430,Socialist Workers,17430
Missouri,1962,Senate,,820628,Democratic,820628
Missouri,1962,Senate,,622173,Republican,622173
Montana,1962,Senate,,125507,Democratic,125507
Montana,1962,Senate,,113507,Republican,113507
NEBRASKA,1962,House,1,Clair A. Callan,Democrat,73768
NEBRASKA,1962,House,1,Ralph F. Beermann,Republican,83559
NEBRASKA,1962,House,1,George C. Menkens,Write-in,8794
NEBRASKA,1962,House,2,Thomas N. Bonner,Democrat,36577
NEBRASKA,1962,House,2,Glenn Cunningham,Republican,85139
NEBRASKA,1962,House,3,John A. Hoffman,Democrat,54058
NEBRASKA,1962,House,3,Dave Martin,Republican,103079
NEVADA,1962,Senate,,Alan Bible,Democrat,63443
NEVADA,1962,Senate,,William B. Wright,Republican,33749
NEVADA,1962,House,,Walter S. Baring,Democrat,66866
NEVADA,1962,House,,Carlton J. Adair,Republican,26458
NEW HAMPSHIRE,1962,House,1,J. Oliva Huot,Democrat,57910
NEW HAMPSHIRE,1962,House,1,Louis C. Wyman,Republican,65651
NEW HAMPSHIRE,1962,House,2,Eugene S. Daniell,Democrat,41539
NEW HAMPSHIRE,1962,House,2,James C. Cleveland,Republican,56152
NEW HAMPSHIRE,1962,Senate,,Alfred Catalfo Jr.,Democrat,90444
NEW HAMPSHIRE,1962,Senate,,Norris Cotton,Republican,134035
NEW HAMPSHIRE,1962,Senate,,Thomas J. McIntyre,Democrat,117612
NEW HAMPSHIRE,1962,Senate,,Perkins Bass,Republican,107199
NEW JERSEY,1962,Representatives,1,Neil F. Deighan,Democrat,83405
NEW JERSEY,1962,Representatives,1,William T. Cahill,Republican,119633
NEW JERSEY,1962,Representatives,1,Albert Ronis,Socialist Labor,402
NEW JERSEY,1962,Representatives,10,Peter W. Rodino Jr.,Democrat,62616
NEW JERSEY,1962,Representatives,10,Charles A. Baretski,Republican,22819
NEW JERSEY,1962,Representatives,10,Frank DeGeorge,Conservative,400
NEW JERSEY,1962,Representatives,10,William Rirkland,Independent,235
NEW JERSEY,1962,Representatives,11,Joseph G. Minish,Democrat,48102
NEW JERSEY,1962,Representatives,11,Frank A. Palmieri,Republican,30241
NEW JERSEY,1962,Representatives,11,Marjorie H. Schwester,Conservative,425
NEW JERSEY,1962,Representatives,11,Samuel Voltaggio,Independent,2135
NEW JERSEY,1962,Representatives,12,Robert R. Peacock,Democrat,59783
NEW JERSEY,1962,Representatives,12,George M. Wallhauser,Republican,57169
NEW JERSEY,1962,Representatives,12,Harry Press,Socialist Labor,234
NEW JERSEY,1962,Representatives,12,Ruth P. Shiminsky,Socialist Workers,155
NEW JERSEY,1962,Representatives,12,Harrison P. Smith Jr.,Conservative,541
NEW JERSEY,1962,Representatives,13,Cornelius E. Gallagher,Democrat,62636
NEW JERSEY,1962,Representatives,13,Eugene P. Kenny,Republican,17063
NEW JERSEY,1962,Representatives,13,Thomas Quinn,Independent,1594
NEW JERSEY,1962,Representatives,14,Dominick V. Daniels,Democrat,54009
NEW JERSEY,1962,Representatives,14,Michael J. Bell,Republican,21303
NEW JERSEY,1962,Representatives,14,Kenneth Walsh,Conservative,1189
NEW JERSEY,1962,Representatives,15,Edward J. Patten,Democrat,86051
NEW JERSEY,1962,Representatives,15,Bernard F. Rodgers,Republican,66142
NEW JERSEY,1962,Representatives,2,Paul R. Porreca,Democrat,54317
NEW JERSEY,1962,Representatives,2,Milton W. Glenn,Republican,61285
NEW JERSEY,1962,Representatives,2,Elvin Baker,Socialist Labor,625
NEW JERSEY,1962,Representatives,3,Peter J. Gannon,Democrat,62258
NEW JERSEY,1962,Representatives,3,James C. Auchincloss,Republican,82220
NEW JERSEY,1962,Representatives,4,Frank Thompson Jr.,Democrat,88668
NEW JERSEY,1962,Representatives,4,Ephraim Tomlinson II,Republican,49952
NEW JERSEY,1962,Representatives,4,Barnardo S. Doganiero,Socialist Labor,376
NEW JERSEY,1962,Representatives,5,Eugene M. Friedman,Democrat,43347
NEW JERSEY,1962,Representatives,5,Peter Frelinghuysen Jr.,Republican,86133
NEW JERSEY,1962,Representatives,5,Frank Consalvo,Conservative,1074
NEW JERSEY,1962,Representatives,6,Lillian W. Egolf,Democrat,73466
NEW JERSEY,1962,Representatives,6,Florence P. Dwyer,Republican,110143
NEW JERSEY,1962,Representatives,6,John H. Wisner Jr.,Conservative,1162
NEW JERSEY,1962,Representatives,7,J. Emmett Cassidy,Democrat,68330
NEW JERSEY,1962,Representatives,7,William B. Widnall,Republican,110426
NEW JERSEY,1962,Representatives,7,James McKinley,Independent,491
NEW JERSEY,1962,Representatives,7,Robert A. Kretzer,Conservative,821
NEW JERSEY,1962,Representatives,8,Charles S. Joelson,Democrat,75820
NEW JERSEY,1962,Representatives,8,Walter W. Porter Jr.,Republican,39963
NEW JERSEY,1962,Representatives,8,Harry Santhouse,Socialist Labor,454
NEW JERSEY,1962,Representatives,8,Charles R. Cheekley,Conservative,439
NEW JERSEY,1962,Representatives,9,Donald R. Sorkow,Democrat,66140
NEW JERSEY,1962,Representatives,9,Frank C. Osmers Jr.,Republican,89573
NEW JERSEY,1962,Representatives,9,Nathan Karp,Socialist Labor,526
NEW JERSEY,1962,Representatives,9,Arthur A. Wacker,Conservative,806
NEW MEXICO,1962,House,1,Joseph M. Montoya,Democrat,128651
NEW MEXICO,1962,House,1,Jack C. Redman,Republican,116262
NEW MEXICO,1962,House,2,Thomas G. Morris,Democrat,152684
NEW MEXICO,1962,House,2,Tinio Lopez,Republican,84457
NEW YORK,1962,House,1,,Democrat,81931
NEW YORK,1962,House,1,,Republican,53133
NEW YORK,1962,House,1,,Liberal,4598
NEW YORK,1962,House,1,Otis G. Pike,Democrat,81021
NEW YORK,1962,House,1,Walter M. Ormsby,Republican,53133
NEW YORK,1962,House,10,,Democrat,53937
NEW YORK,1962,House,10,,Republican,23940
NEW YORK,1962,House,10,,Liberal,13943
NEW YORK,1962,Representative,10,Emanuel Celler,Democrat,79044
NEW YORK,1962,Representative,10,Emanuel Celler,Liberal,11172
NEW YORK,1962,Representative,10,Seymour Besunder,Republican,21210
NEW YORK,1962,House,11,,Democrat,53850
NEW YORK,1962,House,11,,Republican,23944
NEW YORK,1962,House,11,,Liberal,6232
NEW YORK,1962,Representative,11,Eugene J. Keogh,Democrat,53850
NEW YORK,1962,Representative,11,Eugene J. Keogh,Liberal,6232
NEW YORK,1962,Representative,11,Abraham H. Kanner,Republican,23844
NEW YORK,1962,House,12,,Democrat,91323
NEW YORK,1962,House,12,,Republican,43402
NEW YORK,1962,House,12,,Liberal,14052
NEW YORK,1962,Representative,12,Edna F. Kelly,Democrat,92323
NEW YORK,1962,Representative,12,Edna F. Kelly,Liberal,14052
NEW YORK,1962,Representative,12,Louis London Goldberg,Republican,45492
NEW YORK,1962,House,13,,Democrat,107453
NEW YORK,1962,House,13,,Republican,35865
NEW YORK,1962,House,13,,Liberal,12389
NEW YORK,1962,Representative,13,Abraham J. Multer,Democrat,101373
NEW YORK,1962,Representative,13,Abraham J. Multer,Liberal,15380
NEW YORK,1962,Representative,13,Melvyn M. Rothman,Republican,39765
NEW YORK,1962,House,14,,Democrat,40419
NEW YORK,1962,House,14,,Republican,22287
NEW YORK,1962,House,14,,Liberal,3879
NEW YORK,1962,Representative,14,John J. Rooney,Democrat,50419
NEW YORK,1962,Representative,14,John J. Rooney,Liberal,3879
NEW YORK,1962,Representative,14,Leon F. Nadrowski,Republican,22287
NEW YORK,1962,House,15,,Democrat,51098
NEW YORK,1962,House,15,,Republican,55244
NEW YORK,1962,House,15,,Liberal,4507
NEW YORK,1962,Representative,15,Hugh L. Carey,Democrat,51095
NEW YORK,1962,Representative,15,Hugh L. Carey,Liberal,4507
NEW YORK,1962,Representative,15,Francis E. Dorn,Republican,55219
NEW YORK,1962,House,16,,Democrat,62995
NEW YORK,1962,House,16,,Republican,58837
NEW YORK,1962,House,16,,Liberal,8745
NEW YORK,1962,Representative,16,John M. Murphy,Democrat,57666
NEW YORK,1962,Representative,16,Robert T. Connor,Republican,55821
NEW YORK,1962,Representative,16,George B. Murphy,Liberal,8043
NEW YORK,1962,House,17,,Democrat,37573
NEW YORK,1962,House,17,,Republican,98054
NEW YORK,1962,House,17,,Liberal,7155
NEW YORK,1962,Representative,17,Martin B. Dworkis,Democrat,37573
NEW YORK,1962,Representative,17,Martin B. Dworkis,Liberal,7155
NEW YORK,1962,Representative,17,John V. Lindsay,Republican,98024
NEW YORK,1962,House,18,,Democrat,59120
NEW YORK,1962,House,18,,Republican,48314
NEW YORK,1962,House,18,,Liberal,7437
NEW YORK,1962,Representative,18,Adam C. Powell,Democrat,59125
NEW YORK,1962,Representative,18,Ramon A. Martinez,Republican,18313
NEW YORK,1962,Representative,18,Mae F. Watts,Liberal,7457
NEW YORK,1962,House,19,,Democrat,29889
NEW YORK,1962,House,19,,Republican,115244
NEW YORK,1962,House,19,,Liberal,11355
NEW YORK,1962,Representative,19,Leonard Farbstein,Democrat,59880
NEW YORK,1962,Representative,19,Richard S. Aldrich,Republican,31244
NEW YORK,1962,Representative,19,Bentley Kassal,Liberal,11253
NEW YORK,1962,House,2,,Democrat,52481
NEW YORK,1962,House,2,,Republican,70352
NEW YORK,1962,House,2,,Liberal,3482
NEW YORK,1962,House,2,Robert J. Flynn,Democrat,52481
NEW YORK,1962,House,2,James R. Grover Jr.,Republican,70352
NEW YORK,1962,House,20,,Democrat,79353
NEW YORK,1962,House,20,,Republican,35664
NEW YORK,1962,House,20,,Liberal,14492
NEW YORK,1962,Representative,20,William Fitts Ryan,Democrat,79933
NEW YORK,1962,Representative,20,William Fitts Ryan,Liberal,14492
NEW YORK,1962,Representative,20,Gilbert A. Robinson,Republican,35664
NEW YORK,1962,House,21,,Democrat,65244
NEW YORK,1962,House,21,,Republican,29364
NEW YORK,1962,House,21,,Liberal,1187
NEW YORK,1962,Representative,21,James C. Healey,Democrat,65242
NEW YORK,1962,Representative,21,Stanley L. Slater,Republican,20354
NEW YORK,1962,Representative,21,Lillian Gulker,Liberal,11187
NEW YORK,1962,House,22,,Democrat,63517
NEW YORK,1962,House,22,,Republican,44903
NEW YORK,1962,House,22,,Liberal,16967
NEW YORK,1962,Representative,22,Jacob H. Gilbert,Democrat,51241
NEW YORK,1962,Representative,22,Oscar Gonzalez-Suarez,Republican,14901
NEW YORK,1962,Representative,22,David Grand,Liberal,6629
NEW YORK,1962,House,23,,Democrat,69839
NEW YORK,1962,House,23,,Republican,39692
NEW YORK,1962,House,23,,Liberal,18749
NEW YORK,1962,Representative,23,Charles A. Buckley,Democrat,69836
NEW YORK,1962,Representative,23,John J. Parker,Republican,39692
NEW YORK,1962,Representative,23,John P. Hagan,Liberal,18749
NEW YORK,1962,Representative,24,Alfred E. Santangelo,Democrat,46455
NEW YORK,1962,Representative,24,Paul A. Fino,Republican,77785
NEW YORK,1962,Representative,24,Frank Leff,Liberal,5126
NEW YORK,1962,House,24,,Democrat,46456
NEW YORK,1962,House,24,,Republican,77785
NEW YORK,1962,House,24,,Liberal,4126
NEW YORK,1962,Representative,25,Frank Reel,Democrat,64150
NEW YORK,1962,Representative,25,Robert R. Barry,Republican,109989
NEW YORK,1962,House,25,,Democrat,64559
NEW YORK,1962,House,25,,Republican,109989
NEW YORK,1962,House,25,,Liberal,4440
NEW YORK,1962,Representative,26,Stanley W. Church,Democrat,55301
NEW YORK,1962,Representative,26,Ogden R. Reid,Republican,93004
NEW YORK,1962,House,26,,Democrat,55301
NEW YORK,1962,House,26,,Republican,93064
NEW YORK,1962,House,26,,Liberal,4424
NEW YORK,1962,Representative,27,William F. Ward Jr.,Democrat,59923
NEW YORK,1962,Representative,27,Katharine St. George,Republican,86958
NEW YORK,1962,House,27,,Democrat,50923
NEW YORK,1962,House,27,,Republican,86453
NEW YORK,1962,House,27,,Liberal,2358
NEW YORK,1962,Representative,28,Morton E. Gilday,Democrat,50070
NEW YORK,1962,Representative,28,J. Ernest Wharton,Republican,94531
NEW YORK,1962,House,28,,Democrat,59670
NEW YORK,1962,House,28,,Republican,91933
NEW YORK,1962,House,28,,Liberal,3862
NEW YORK,1962,Representative,29,Leo W. O'Brien,Democrat,120177
NEW YORK,1962,Representative,29,Wolfgang J. Riemer,Republican,83719
NEW YORK,1962,House,29,,Democrat,120177
NEW YORK,1962,House,29,,Republican,83719
NEW YORK,1962,House,29,,Liberal,6135
NEW YORK,1962,House,3,,Democrat,55815
NEW YORK,1962,House,3,,Republican,89408
NEW YORK,1962,House,3,,Liberal,5710
NEW YORK,1962,House,3,George Sell,Democrat,55917
NEW YORK,1962,House,3,Steven B. Derounian,Republican,86430
NEW YORK,1962,Representative,30,William W. Egan,Democrat,57822
NEW YORK,1962,Representative,30,Carleton J. King,Republican,108860
NEW YORK,1962,Representative,30,Harold T. Smith,Liberal,4082
NEW YORK,1962,House,30,,Democrat,27922
NEW YORK,1962,House,30,,Republican,108893
NEW YORK,1962,House,30,,Liberal,4082
NEW YORK,1962,Representative,31,Francis G. Healey,Democrat,41999
NEW YORK,1962,Representative,31,Clarence E. Kilburn,Republican,66283
NEW YORK,1962,House,31,,Democrat,45669
NEW YORK,1962,House,31,,Republican,85280
NEW YORK,1962,House,31,,Liberal,4182
NEW YORK,1962,Representative,32,Virgil C. Crisafulli,Democrat,54565
NEW YORK,1962,Representative,32,Alexander Pirnie,Republican,77875
NEW YORK,1962,House,32,,Democrat,54505
NEW YORK,1962,House,32,,Republican,77875
NEW YORK,1962,House,32,,Liberal,2849
NEW YORK,1962,Representative,33,Theodore W. Maurer,Democrat,41412
NEW YORK,1962,Representative,33,Howard W. Robison,Republican,92460
NEW YORK,1962,Representative,33,Harrop Freeman,Liberal,4519
NEW YORK,1962,House,33,,Democrat,43412
NEW YORK,1962,House,33,,Republican,82780
NEW YORK,1962,House,33,,Liberal,2154
NEW YORK,1962,Representative,34,Lee Alexander,Democrat,67149
NEW YORK,1962,Representative,34,R. Walter Riehlman,Republican,84780
NEW YORK,1962,Representative,34,John Arneson,Liberal,2860
NEW YORK,1962,House,34,,Democrat,47149
NEW YORK,1962,House,34,,Republican,94404
NEW YORK,1962,House,34,,Liberal,3201
NEW YORK,1962,Representative,35,Samuel S. Stratton,Democrat,75482
NEW YORK,1962,Representative,35,Janet Hill Gordon,Republican,65697
NEW YORK,1962,House,35,,Democrat,75482
NEW YORK,1962,House,35,,Republican,65697
NEW YORK,1962,House,35,,Liberal,3078
NEW YORK,1962,Representative,36,Robert R. Biekal,Democrat,64185
NEW YORK,1962,Representative,36,Frank J. Horton,Republican,96581
NEW YORK,1962,House,36,,Democrat,64483
NEW YORK,1962,House,36,,Republican,86831
NEW YORK,1962,House,36,,Liberal,2146
NEW YORK,1962,Representative,37,Norman C. Katner,Democrat,54281
NEW YORK,1962,Representative,37,Harold C. Ostertag,Republican,101821
NEW YORK,1962,House,37,,Democrat,54281
NEW YORK,1962,House,37,,Republican,104521
NEW YORK,1962,House,37,,Liberal,3137
NEW YORK,1962,Representative,38,T. Joseph Lynch,Democrat,36992
NEW YORK,1962,Representative,38,Charles E. Goodell,Republican,83361
NEW YORK,1962,Representative,38,Leo M. Brushingham,Liberal,1611
NEW YORK,1962,House,38,,Democrat,36992
NEW YORK,1962,House,38,,Republican,83361
NEW YORK,1962,House,38,,Liberal,1611
NEW YORK,1962,Representative,39,Angelo S. D'Eloia,Democrat,55774
NEW YORK,1962,Representative,39,John R. Pillion,Republican,93527
NEW YORK,1962,Representative,39,Walter Bratek,Liberal,3661
NEW YORK,1962,House,39,,Democrat,53724
NEW YORK,1962,House,39,,Republican,99572
NEW YORK,1962,House,39,,Liberal,3593
NEW YORK,1962,House,4,,Democrat,53362
NEW YORK,1962,House,4,,Republican,87664
NEW YORK,1962,House,4,,Liberal,3570
NEW YORK,1962,House,4,,Voters for Peace,1124
NEW YORK,1962,House,4,Joseph A. Daley,Democrat,53818
NEW YORK,1962,House,4,John W. Wydler,Republican,74508
NEW YORK,1962,House,4,Harry H. Purvis,Voters for Peace,1124
NEW YORK,1962,Representative,40,E. Dent Lackey,Democrat,63782
NEW YORK,1962,Representative,40,William E. Miller,Republican,72706
NEW YORK,1962,House,40,,Democrat,55784
NEW YORK,1962,House,40,,Republican,77708
NEW YORK,1962,House,40,,Liberal,6228
NEW YORK,1962,Representative,41,Thaddeus J. Dulski,Democrat,88776
NEW YORK,1962,Representative,41,Daniel J. Kij,Republican,37544
NEW YORK,1962,House,41,,Democrat,88776
NEW YORK,1962,House,41,,Republican,37544
NEW YORK,1962,House,41,,Liberal,5206
NEW YORK,1962,House,5,,Democrat,62932
NEW YORK,1962,House,5,,Republican,89994
NEW YORK,1962,House,5,,Liberal,3570
NEW YORK,1962,Representative,5,Franklin Bear,Democrat,62932
NEW YORK,1962,Representative,5,Franklin Bear,Liberal,3570
NEW YORK,1962,Representative,5,Frank J. Becker,Republican,80964
NEW YORK,1962,House,6,,Democrat,40602
NEW YORK,1962,House,6,,Republican,99474
NEW YORK,1962,House,6,,Liberal,6231
NEW YORK,1962,Representative,6,Leonard L. Finz,Democrat,49632
NEW YORK,1962,Representative,6,Leonard L. Finz,Liberal,6251
NEW YORK,1962,Representative,6,Seymour Halpern,Republican,96475
NEW YORK,1962,House,7,,Democrat,51362
NEW YORK,1962,House,7,,Republican,51422
NEW YORK,1962,House,7,,Liberal,13233
NEW YORK,1962,Representative,7,Joseph P. Addabbo,Democrat,73867
NEW YORK,1962,Representative,7,Joseph P. Addabbo,Liberal,7116
NEW YORK,1962,Representative,7,George Archinal,Republican,55654
NEW YORK,1962,House,8,,Democrat,90791
NEW YORK,1962,House,8,,Republican,53122
NEW YORK,1962,House,8,,Liberal,14805
NEW YORK,1962,Representative,8,Benjamin S. Rosenthal,Democrat,90791
NEW YORK,1962,Representative,8,Benjamin S. Rosenthal,Liberal,14895
NEW YORK,1962,Representative,8,Arthur McCrossen,Republican,53122
NEW YORK,1962,House,9,,Democrat,85494
NEW YORK,1962,House,9,,Republican,51325
NEW YORK,1962,House,9,,Liberal,9051
NEW YORK,1962,Representative,9,James J. Delaney,Democrat,85987
NEW YORK,1962,Representative,9,Charles H. Cohen,Republican,51325
NEW YORK,1962,Representative,9,Mark Starr,Liberal,9051
NEW YORK,1962,Senate,,,Democrat,2289323
NEW YORK,1962,Senate,,,Republican,3272417
NEW YORK,1962,Senate,,James B. Donovan,Democrat,2280323
NEW YORK,1962,Senate,,Jacob K. Javits,Republican,3272417
NEW YORK,1962,Senate,,Kieran O'Doherty,Constitution,116151
NEW YORK,1962,Senate,,Carl Feingold,Socialist Workers,17440
NEW YORK,1962,Senate,,Stephen Emery,Socialist Labor,7786
NORTH CAROLINA,1962,House,1,Herbert C. Bonner,Democrat,17898
NORTH CAROLINA,1962,House,10,Basil L. Whitener,Democrat,52641
NORTH CAROLINA,1962,House,10,Carroll M. Barringer,Republican,42908
NORTH CAROLINA,1962,House,11,Roy A. Taylor,Democrat,70791
NORTH CAROLINA,1962,House,11,Robert Brown,Republican,57422
NORTH CAROLINA,1962,House,2,L. H. Fountain,Democrat,21050
NORTH CAROLINA,1962,House,3,David N. Henderson,Democrat,34056
NORTH CAROLINA,1962,House,4,Harold D. Cooley,Democrat,45249
NORTH CAROLINA,1962,House,4,George E. Ward,Republican,32593
NORTH CAROLINA,1962,House,5,Ralph J. Scott,Democrat,47009
NORTH CAROLINA,1962,House,5,A. M. Snipes,Republican,32427
NORTH CAROLINA,1962,House,6,Horace R. Kornegay,Democrat,43021
NORTH CAROLINA,1962,House,6,Blackwell P. Robinson,Republican,28827
NORTH CAROLINA,1962,House,7,Alton Lennon,Democrat,33173
NORTH CAROLINA,1962,House,7,James E. Walsh Jr.,Republican,9895
NORTH CAROLINA,1962,House,8,A. Paul Kitchin,Democrat,50926
NORTH CAROLINA,1962,House,8,Charles Raper Jonas,Republican,64703
NORTH CAROLINA,1962,House,9,Hugh Q. Alexander,Democrat,66841
NORTH CAROLINA,1962,House,9,James T. Broyhill,Republican,67608
NORTH CAROLINA,1962,Senate,,Sam J. Ervin Jr.,Democrat,491520
NORTH CAROLINA,1962,Senate,,Claude L. Greene Jr.,Republican,321635
NORTH DAKOTA,1962,House,1,Scott Anderson,Democrat,50924
NORTH DAKOTA,1962,House,1,Hjalmar C. Nygaard,Republican,61330
NORTH DAKOTA,1962,House,2,Robert Vogel,Democrat,47825
NORTH DAKOTA,1962,House,2,Don L. Short,Republican,56203
NORTH DAKOTA,1962,Senate,,William Lanier,Democrat,88032
NORTH DAKOTA,1962,Senate,,Milton R. Young,Republican,135705
Nevada,1962,Senate,,47775,Democratic,47775
Nevada,1962,Senate,,48809,Republican,48809
New Jersey,1962,Senate,,1152647,Democratic,1152647
New Jersey,1962,Senate,,1133116,Republican,1133116
New Mexico,1962,Senate,,133760,Democratic,133760
New Mexico,1962,Senate,,116419,Republican,116419
New York,1962,Senate,,2687577,Democratic,2687577
New York,1962,Senate,,2499,Constitution,2499
New York,1962,Senate,,2386,Socialist Labor,2386
New York,1962,Representative,,Unknown,Socialist Workers,673
No data to extract from this title page. This appears to be the cover page for the Congressional Election Statistics from November 6, 1962, compiled by Benjamin J. Guthrie under Ralph R. Roberts.,,,,
North Dakota,1962,Senate,,103747,Democratic,103747
North Dakota,1962,Senate,,108680,Republican,108680
OHIO,1962,House,1,Monica Nolan,Democrat,44264
OHIO,1962,House,1,Carl W. Rich,Republican,74320
OHIO,1962,House,10,Walter H. Moeller,Democrat,42131
OHIO,1962,House,10,Homer E. Abele,Republican,46158
OHIO,1962,House,11,Robert E. Cook,Democrat,72936
OHIO,1962,House,11,Oliver P. Bolton,Republican,74573
OHIO,1962,House,12,Paul D. Cassidy,Democrat,60563
OHIO,1962,House,12,Samuel L. Devine,Republican,130316
OHIO,1962,House,13,J. Grant Keys,Democrat,52030
OHIO,1962,House,13,Charles A. Mosher,Republican,63858
OHIO,1962,House,14,Oliver Ocasek,Democrat,86947
OHIO,1962,House,14,William H. Ayres,Republican,100909
OHIO,1962,House,15,Robert T. Secrest,Democrat,41856
OHIO,1962,House,15,Tom V. Moorehead,Republican,38095
OHIO,1962,House,16,Ed Witmer,Democrat,64213
OHIO,1962,House,16,Frank T. Bow,Republican,96512
OHIO,1962,House,17,Robert W. Levering,Democrat,49415
OHIO,1962,House,17,John M. Ashbrook,Republican,69976
OHIO,1962,House,18,Wayne L. Hays,Democrat,66327
OHIO,1962,House,18,John J. Carrigk,Republican,42336
OHIO,1962,House,19,Michael J. Kirwan,Democrat,75967
OHIO,1962,House,19,William Vincent Williams,Republican,46290
OHIO,1962,House,2,H. A. Sand,Democrat,62733
OHIO,1962,House,2,Donald D. Clancy,Republican,105750
OHIO,1962,House,20,Michael A. Feighan,Democrat,91544
OHIO,1962,House,20,Leonard G. Richter,Republican,37325
OHIO,1962,House,21,Charles A. Vanik,Democrat,79514
OHIO,1962,House,21,Leodis Harris,Republican,20027
OHIO,1962,House,22,Edward Corrigan,Democrat,35353
OHIO,1962,House,22,Frances P. Bolton,Republican,74603
OHIO,1962,House,22,Ronald B. Peltz,Independent,5595
OHIO,1962,House,23,Emil C. Weber,Democrat,42907
OHIO,1962,House,23,William E. Minshall,Republican,107510
OHIO,1962,House,3,Martin A. Evers,Democrat,85573
OHIO,1962,House,3,Paul F. Schenck,Republican,113584
OHIO,1962,House,4,Marjorie Conrad Struna,Democrat,32866
OHIO,1962,House,4,William M. McCulloch,Republican,77790
OHIO,1962,House,5,William T. Hunt,Democrat,29114
OHIO,1962,House,5,Delbert L. Latta,Republican,69272
OHIO,1962,House,6,Jerry C. Rasor,Democrat,47737
OHIO,1962,House,6,William H. Harsha,Republican,72743
OHIO,1962,House,7,Robert A. Riley,Democrat,36908
OHIO,1962,House,7,Clarence J. Brown,Republican,83080
OHIO,1962,House,8,Morris Laderman,Democrat,28400
OHIO,1962,House,8,Jackson E. Betts,Republican,66458
OHIO,1962,House,9,Thomas Ludlow Ashley,Democrat,86443
OHIO,1962,House,9,Martin A. Janis,Republican,64279
OHIO,1962,Senate,,Frank J. Lausche,Democrat,1843813
OHIO,1962,Senate,,John Marshall Briley,Republican,1151173
OHIO,1962,House,,Richard D. Kennedy,Democrat,1164628
OHIO,1962,House,,Robert Taft Jr.,Republican,1786018
OKLAHOMA,1962,House,1,Herbert W. Wright Jr.,Democrat,46949
OKLAHOMA,1962,House,1,Page Belcher,Republican,102585
OKLAHOMA,1962,House,2,Ed Edmondson,Democrat,65968
OKLAHOMA,1962,House,2,Bill Sharp,Republican,50481
OKLAHOMA,1962,House,3,Carl Albert,Democrat,56010
OKLAHOMA,1962,House,4,Tom Steed,Democrat,66000
OKLAHOMA,1962,House,5,John Jarman,Democrat,90392
OKLAHOMA,1962,House,5,William P. Pointon Jr.,Republican,40825
OKLAHOMA,1962,House,6,Victor Wickersham,Democrat,56418
OKLAHOMA,1962,House,6,Glenn L. Gibson,Republican,48985
OKLAHOMA,1962,Senate,,Mike Monroney,Democrat,353890
OKLAHOMA,1962,Senate,,B. Hayden Crawford,Republican,307966
OKLAHOMA,1962,Senate,,Paul V. Beck,Independent,2856
OREGON,1962,House,1,R. Blaine Whipple,Democrat,73641
OREGON,1962,House,1,Walter Norblad,Republican,119263
OREGON,1962,House,2,Al Ullman,Democrat,53335
OREGON,1962,House,2,Robert W. Chandler,Republican,29995
OREGON,1962,House,3,Edith Green,Democrat,131573
OREGON,1962,House,3,Stanley E. Hartman,Republican,67580
OREGON,1962,House,4,Robert B. Duncan,Democrat,83060
OREGON,1962,House,4,Carl Fisher,Republican,71483
OREGON,1962,Senate,,Wayne Morse,Democrat,344716
OREGON,1962,Senate,,Sigfred B. Unander,Republican,291587
Ohio,1962,Senate,,1883771,Democratic,1883771
Ohio,1962,Senate,,1417447,Republican,1417447
Pennsylvania,1962,House,1,William A. Barrett,Democrat,102722
Pennsylvania,1962,House,1,Winifred H. Malinowsky,Republican,38953
Pennsylvania,1962,House,10,William D. Gumbar,Democrat,86680
Pennsylvania,1962,House,10,Joseph M. McDade,Republican,95754
Pennsylvania,1962,House,11,Daniel J. Flood,Democrat,101754
Pennsylvania,1962,House,11,Donald B. Ayers,Republican,51263
Pennsylvania,1962,House,12,A. Reed Hayes,Democrat,64227
Pennsylvania,1962,House,12,J. Irving Whalley,Republican,98190
Pennsylvania,1962,House,13,Leo F. Driscoll Jr.,Democrat,68234
Pennsylvania,1962,House,13,Richard S. Schweiker,Republican,135847
Pennsylvania,1962,House,14,William S. Moorhead,Democrat,93130
Pennsylvania,1962,House,14,Joseph M. Beatty,Republican,48726
Pennsylvania,1962,House,15,Francis E. Walter,Democrat,63574
Pennsylvania,1962,House,15,Woodrow A. Horn,Republican,46928
Pennsylvania,1962,House,16,John A. Walter,Democrat,44932
Pennsylvania,1962,House,16,John C. Kunkel,Republican,90113
Pennsylvania,1962,House,17,William W. Litke,Democrat,56692
Pennsylvania,1962,House,17,Herman T. Schneebeli,Republican,96088
Pennsylvania,1962,House,18,Edward F. Cook,Democrat,60260
Pennsylvania,1962,House,18,Robert J. Corbett,Republican,108433
Pennsylvania,1962,House,19,Earl D. Wagner,Democrat,62995
Pennsylvania,1962,House,19,George A. Goodling,Republican,82924
Pennsylvania,1962,House,2,Robert N. C. Nix,Democrat,86812
Pennsylvania,1962,House,2,Arthur Thomas,Republican,42607
Pennsylvania,1962,House,20,Elmer J. Holland,Democrat,106971
Pennsylvania,1962,House,20,Budd E. Sheppard,Republican,51088
Pennsylvania,1962,House,21,John H. Dent,Democrat,80410
Pennsylvania,1962,House,21,Charles E. Scalf,Republican,54543
Pennsylvania,1962,House,22,Donald J. Perry,Democrat,61054
Pennsylvania,1962,House,22,John P. Saylor,Republican,82584
Pennsylvania,1962,House,23,Frank M. O'Neil,Democrat,54798
Pennsylvania,1962,House,23,Leon H. Gavin,Republican,79128
Pennsylvania,1962,House,23,Germain Schireffler,Prohibition,1059
Pennsylvania,1962,House,24,Peter J. Joyce,Democrat,77749
Pennsylvania,1962,House,24,James D. Weaver,Republican,82213
Pennsylvania,1962,House,25,Frank M. Clark,Democrat,87552
Pennsylvania,1962,House,25,Harvey R. Robinson,Republican,67630
Pennsylvania,1962,House,26,Thomas E. Morgan,Democrat,94932
Pennsylvania,1962,House,26,Jerome Hahn,Republican,58945
Pennsylvania,1962,House,27,Margaret L. Walgren,Democrat,58984
Pennsylvania,1962,House,27,James G. Fulton,Republican,112064
Pennsylvania,1962,House,3,James A. Byrne,Democrat,81405
Pennsylvania,1962,House,3,Joseph R. Burns,Republican,55827
Pennsylvania,1962,House,4,Herman Toll,Democrat,104300
Pennsylvania,1962,House,4,Frank J. Barbera,Republican,82014
Pennsylvania,1962,House,5,William J. Green Jr.,Democrat,94501
Pennsylvania,1962,House,5,Michael J. Bednarek,Republican,74557
Pennsylvania,1962,House,6,George M. Rhodes,Democrat,112920
Pennsylvania,1962,House,6,Ivor D. Fenton,Republican,107724
Pennsylvania,1962,House,7,John A. Reilly,Democrat,88482
Pennsylvania,1962,House,7,William H. Milliken,Republican,136955
Pennsylvania,1962,House,8,James A. Michener,Democrat,84043
Pennsylvania,1962,House,8,Willard S. Curtin,Republican,101853
Pennsylvania,1962,House,9,Richard C. Keller,Democrat,55565
Pennsylvania,1962,House,9,Paul B. Dague,Republican,113880
Pennsylvania,1962,Senate,,Joseph S. Clark,Democrat,2238383
Pennsylvania,1962,Senate,,James E. Van Zandt,Republican,2134649
Pennsylvania,1962,Senate,,Arla A. Albaugh,Socialist Labor,10387
Pennsylvania,1962,Senate,,2258112,Democratic,2258112
Pennsylvania,1962,Senate,,2211658,Republican,2211658
Rhode Island,1962,House,1,Fernand J. St Germain,Democrat,80333
Rhode Island,1962,House,1,R. Gordon Butler,Republican,61184
Rhode Island,1962,House,2,John E. Fogarty,Democrat,127182
Rhode Island,1962,House,2,John F. Kennedy,Republican,49955
Rhode Island,1962,Senate,,180445,Democratic,180445
Rhode Island,1962,Senate,,138702,Republican,138702
SOUTH CAROLINA,1962,House,1,L. Mendel Rivers,Democrat,39176
SOUTH CAROLINA,1962,House,2,Albert W. Watson,Democrat,39149
SOUTH CAROLINA,1962,House,2,Floyd D. Spence,Republican,34947
SOUTH CAROLINA,1962,House,3,W. J. Bryan Dorn,Democrat,34545
SOUTH CAROLINA,1962,House,4,Robert T. Ashmore,Democrat,47044
SOUTH CAROLINA,1962,House,5,Robert W. Hemphill,Democrat,28989
SOUTH CAROLINA,1962,House,5,Robert M. Doster,Republican,1861
SOUTH CAROLINA,1962,House,6,John L. McMillan,Democrat,36811
SOUTH CAROLINA,1962,Senate,,Olin D. Johnston,Democrat,178712
SOUTH CAROLINA,1962,Senate,,William D. Workman,Republican,133930
SOUTH DAKOTA,1962,House,1,Ralph A. Nauman,Democrat,78421
SOUTH DAKOTA,1962,House,1,Ben Reifel,Republican,113975
SOUTH DAKOTA,1962,House,2,M. W. (Morrie) Clarkson,Democrat,23243
SOUTH DAKOTA,1962,House,2,E. Y. Berry,Republican,37092
SOUTH DAKOTA,1962,Senate,,George S. McGovern,Democrat,127458
SOUTH DAKOTA,1962,Senate,,Joe Bottum,Republican,126861
STATE,YEAR,RACE_TYPE,CONGRESSIONAL_DISTRICT,CANDIDATE_NAME,CANDIDATE_PARTY,VOTES
STATE,YEAR,RACE_TYPE,CONGRESSIONAL_DISTRICT,CANDIDATE_NAME,CANDIDATE_PARTY,VOTES
STATE,YEAR,RACE_TYPE,CONGRESSIONAL_DISTRICT,CANDIDATE_NAME,CANDIDATE_PARTY,VOTES
STATE,YEAR,RACE_TYPE,CONGRESSIONAL_DISTRICT,CANDIDATE_NAME,CANDIDATE_PARTY,VOTES
STATE,YEAR,RACE_TYPE,CONGRESSIONAL_DISTRICT,CANDIDATE_NAME,CANDIDATE_PARTY,VOTES
STATE,YEAR,RACE_TYPE,CONGRESSIONAL_DISTRICT,CANDIDATE_NAME,CANDIDATE_PARTY,VOTES
STATE,YEAR,RACE_TYPE,CONGRESSIONAL_DISTRICT,CANDIDATE_NAME,CANDIDATE_PARTY,VOTES
STATE,YEAR,RACE_TYPE,CONGRESSIONAL_DISTRICT,CANDIDATE_NAME,CANDIDATE_PARTY,VOTES
STATE,YEAR,RACE_TYPE,CONGRESSIONAL_DISTRICT,CANDIDATE_NAME,CANDIDATE_PARTY,VOTES
STATE,YEAR,RACE_TYPE,CONGRESSIONAL_DISTRICT,CANDIDATE_NAME,CANDIDATE_PARTY,VOTES
STATE,YEAR,RACE_TYPE,CONGRESSIONAL_DISTRICT,CANDIDATE_NAME,CANDIDATE_PARTY,VOTES
STATE,YEAR,RACE_TYPE,CONGRESSIONAL_DISTRICT,CANDIDATE_NAME,CANDIDATE_PARTY,VOTES
STATE,YEAR,RACE_TYPE,CONGRESSIONAL_DISTRICT,CANDIDATE_NAME,CANDIDATE_PARTY,VOTES
STATE,YEAR,RACE_TYPE,CONGRESSIONAL_DISTRICT,CANDIDATE_NAME,CANDIDATE_PARTY,VOTES
STATE,YEAR,RACE_TYPE,CONGRESSIONAL_DISTRICT,CANDIDATE_NAME,CANDIDATE_PARTY,VOTES
STATE,YEAR,RACE_TYPE,CONGRESSIONAL_DISTRICT,CANDIDATE_NAME,CANDIDATE_PARTY,VOTES
STATE,YEAR,RACE_TYPE,CONGRESSIONAL_DISTRICT,CANDIDATE_NAME,CANDIDATE_PARTY,VOTES
STATE,YEAR,RACE_TYPE,CONGRESSIONAL_DISTRICT,CANDIDATE_NAME,CANDIDATE_PARTY,VOTES
STATE,YEAR,RACE_TYPE,CONGRESSIONAL_DISTRICT,CANDIDATE_NAME,CANDIDATE_PARTY,VOTES
STATE,YEAR,RACE_TYPE,CONGRESSIONAL_DISTRICT,CANDIDATE_NAME,CANDIDATE_PARTY,VOTES
STATE,YEAR,RACE_TYPE,CONGRESSIONAL_DISTRICT,CANDIDATE_NAME,CANDIDATE_PARTY,VOTES
STATE,YEAR,RACE_TYPE,CONGRESSIONAL_DISTRICT,CANDIDATE_NAME,CANDIDATE_PARTY,VOTES
STATE,YEAR,RACE_TYPE,CONGRESSIONAL_DISTRICT,CANDIDATE_NAME,CANDIDATE_PARTY,VOTES
STATE,YEAR,RACE_TYPE,CONGRESSIONAL_DISTRICT,CANDIDATE_NAME,CANDIDATE_PARTY,VOTES
STATE,YEAR,RACE_TYPE,CONGRESSIONAL_DISTRICT,CANDIDATE_NAME,CANDIDATE_PARTY,VOTES
STATE,YEAR,RACE_TYPE,CONGRESSIONAL_DISTRICT,CANDIDATE_NAME,CANDIDATE_PARTY,VOTES
STATE,YEAR,RACE_TYPE,CONGRESSIONAL_DISTRICT,CANDIDATE_NAME,CANDIDATE_PARTY,VOTES
STATE,YEAR,RACE_TYPE,CONGRESSIONAL_DISTRICT,CANDIDATE_NAME,CANDIDATE_PARTY,VOTES
STATE,YEAR,RACE_TYPE,CONGRESSIONAL_DISTRICT,CANDIDATE_NAME,CANDIDATE_PARTY,VOTES
STATE,YEAR,RACE_TYPE,CONGRESSIONAL_DISTRICT,CANDIDATE_NAME,CANDIDATE_PARTY,VOTES
STATE,YEAR,RACE_TYPE,CONGRESSIONAL_DISTRICT,CANDIDATE_NAME,CANDIDATE_PARTY,VOTES
STATE,YEAR,RACE_TYPE,CONGRESSIONAL_DISTRICT,CANDIDATE_NAME,CANDIDATE_PARTY,VOTES
STATE,YEAR,RACE_TYPE,CONGRESSIONAL_DISTRICT,CANDIDATE_NAME,CANDIDATE_PARTY,VOTES
STATE,YEAR,RACE_TYPE,CONGRESSIONAL_DISTRICT,CANDIDATE_NAME,CANDIDATE_PARTY,VOTES
STATE,YEAR,RACE_TYPE,CONGRESSIONAL_DISTRICT,CANDIDATE_NAME,CANDIDATE_PARTY,VOTES
STATE,YEAR,RACE_TYPE,CONGRESSIONAL_DISTRICT,CANDIDATE_NAME,CANDIDATE_PARTY,VOTES
STATE,YEAR,RACE_TYPE,CONGRESSIONAL_DISTRICT,CANDIDATE_NAME,CANDIDATE_PARTY,VOTES
STATE,YEAR,RACE_TYPE,CONGRESSIONAL_DISTRICT,CANDIDATE_NAME,CANDIDATE_PARTY,VOTES
STATE,YEAR,RACE_TYPE,CONGRESSIONAL_DISTRICT,CANDIDATE_NAME,CANDIDATE_PARTY,VOTES
STATE,YEAR,RACE_TYPE,CONGRESSIONAL_DISTRICT,CANDIDATE_NAME,CANDIDATE_PARTY,VOTES
STATE,YEAR,RACE_TYPE,CONGRESSIONAL_DISTRICT,CANDIDATE_NAME,CANDIDATE_PARTY,VOTES
STATE,YEAR,RACE_TYPE,CONGRESSIONAL_DISTRICT,CANDIDATE_NAME,CANDIDATE_PARTY,VOTES
STATE,YEAR,RACE_TYPE,CONGRESSIONAL_DISTRICT,CANDIDATE_NAME,CANDIDATE_PARTY,VOTES
STATE,YEAR,RACE_TYPE,CONGRESSIONAL_DISTRICT,CANDIDATE_NAME,CANDIDATE_PARTY,VOTES
STATE,YEAR,RACE_TYPE,CONGRESSIONAL_DISTRICT,CANDIDATE_NAME,CANDIDATE_PARTY,VOTES
STATE,YEAR,RACE_TYPE,CONGRESSIONAL_DISTRICT,CANDIDATE_NAME,CANDIDATE_PARTY,VOTES
TENNESSEE,1962,Representative,1,Herbert R. Silvers,Democrat,40113
TENNESSEE,1962,Representative,1,James H. (Jimmy) Quillen,Republican,49320
TENNESSEE,1962,Representative,1,Arthur Bright,Independent,2094
TENNESSEE,1962,Representative,2,Tully R. Livingston,Democrat,25579
TENNESSEE,1962,Representative,2,Howard H. Baker,Republican,61306
TENNESSEE,1962,Representative,3,Wilkes Thrasher Jr.,Democrat,45597
TENNESSEE,1962,Representative,3,W. E. (Bill) Brock,Republican,47604
TENNESSEE,1962,Representative,4,Joe L. Evins,Democrat,46005
TENNESSEE,1962,Representative,4,Arch M. Eaton,Independent Republican,6310
TENNESSEE,1962,Representative,4,Write-in,Write-in,1
TENNESSEE,1962,Representative,5,J. Carlton Loser,Democrat,30182
TENNESSEE,1962,Representative,5,Richard Fulton,Independent Democrat,47756
TENNESSEE,1962,Representative,5,H. L. Crowder,Write-in,126
TENNESSEE,1962,Representative,5,Raymond E. Love,Write-in,147
TENNESSEE,1962,Representative,5,H. J. Ryan,Write-in,220
TENNESSEE,1962,Representative,6,Ross Bass,Democrat,36404
TENNESSEE,1962,Representative,6,J. J. Underwood Jr.,Independent,8120
TENNESSEE,1962,Representative,7,Tom Murray,Democrat,24746
TENNESSEE,1962,Representative,8,Robert A. Everett,Democrat,23521
TENNESSEE,1962,Representative,8,Sara Planuary,Write-in,661
TENNESSEE,1962,Representative,9,Clifford Davis,Democrat,55345
TENNESSEE,1962,Representative,9,Robert B. James,Republican,54132
TENNESSEE,1962,Representative,9,Write-ins,Write-in,18
TEXAS,1962,Representative,1,Wright Patman,Democrat,26603
TEXAS,1962,Representative,1,James Timberlake,Republican,12938
TEXAS,1962,Representative,2,Jack Brooks,Democrat,47037
TEXAS,1962,Representative,2,Roy James Jr.,Republican,21385
TEXAS,1962,Representative,3,Lindley Beckworth,Democrat,26015
TEXAS,1962,Representative,3,William Steger,Republican,24808
TEXAS,1962,Representative,4,Ray Roberts,Democrat,23573
TEXAS,1962,Representative,4,Conner Harrington,Republican,9165
TEXAS,1962,Representative,5,Bill Jones,Democrat,69813
TEXAS,1962,Representative,5,Bruce Alger,Republican,89938
TEXAS,1962,Representative,6,Olin E. Teague,Democrat,33617
TEXAS,1962,Representative,7,John Dowdy,Democrat,37756
TEXAS,1962,Representative,7,Raymond Ramage,Republican,5015
Tennessee,1962,Senate,,412112,Democratic,412112
Tennessee,1962,Senate,,308084,Republican,308084
Texas,1962,House,10,Homer Thornberry,Democrat,43396
Texas,1962,House,10,Jim Dobbs,Republican,25165
Texas,1962,House,11,W. R. Poage,Democrat,41698
Texas,1962,House,12,Jim Wright,Democrat,53705
Texas,1962,House,12,Del Barron,Republican,31879
Texas,1962,House,13,Graham Purcell,Democrat,37941
Texas,1962,House,13,Joe Meissner,Republican,18378
Texas,1962,House,14,John Young,Democrat,60803
Texas,1962,House,14,Lawrence Hoover,Republican,23623
Texas,1962,House,15,Joe M. Kilgore,Democrat,53552
Texas,1962,House,16,J. T. Rutherford,Democrat,37821
Texas,1962,House,16,Ed Foreman,Republican,44095
Texas,1962,House,17,Omar Burleson,Democrat,46895
Texas,1962,House,18,Walter Rogers,Democrat,43389
Texas,1962,House,18,Jack Seale,Republican,30393
Texas,1962,House,19,George Mahon,Democrat,46925
Texas,1962,House,19,Dennis Taylor,Republican,23622
Texas,1962,House,20,Henry B. Gonzalez,Democrat,62776
Texas,1962,House,21,O. C. Fisher,Democrat,39261
Texas,1962,House,21,E. S. Mayer,Republican,12310
Texas,1962,House,22,Bob Casey,Democrat,73141
Texas,1962,House,22,Ross Baker,Republican,63452
Texas,1962,House,8,Albert Thomas,Democrat,51285
Texas,1962,House,8,Anthony Farris,Republican,20475
Texas,1962,House,9,Clark W. Thompson,Democrat,56179
Texas,1962,House,9,Dave Oaks,Republican,28594
Texas,1962,House,,Joe R. Pool,Democrat,870860
Texas,1962,House,,Desmond Barry,Republican,680839
Texas,1962,Senate,,1038936,Democratic,1038936
Texas,1962,Senate,,10327,Constitution,10327
Total 17 States,1962,House,,Total 17 States,,12271
UTAH,1962,House,1,Morris Blaine Peterson,Democrat,56989
UTAH,1962,House,1,Laurence J. Burton,Republican,59032
UTAH,1962,House,2,Bruce S. Jenkins,Democrat,92631
UTAH,1962,House,2,Sherman P. Lloyd,Republican,108358
UTAH,1962,Senate,,David S. King,Democrat,151656
UTAH,1962,Senate,,Wallace F. Bennett,Republican,166755
Utah,1962,Senate,,124342,Democratic,124342
Utah,1962,Senate,,154212,Republican,154212
VERMONT,1962,Senate,,W. Robert Johnson Sr.,Democrat,40134
VERMONT,1962,Senate,,George D. Aiken,Republican,81242
VERMONT,1962,House,,Harold Reynolds,Democrat,52535
VERMONT,1962,House,,Robert T. Stafford,Republican,68822
VIRGINIA,1962,Representative,1,Thomas N. Downing,Democrat,21664
VIRGINIA,1962,Representative,1,Scattering,,60
VIRGINIA,1962,Representative,10,Augustus C. Johnson,Democrat,39940
VIRGINIA,1962,Representative,10,Joel T. Broyhill,Republican,49611
VIRGINIA,1962,Representative,10,Scattering,,11
VIRGINIA,1962,Representative,2,Porter Hardy Jr.,Democrat,30306
VIRGINIA,1962,Representative,2,Louis B. Fine,Republican,10121
VIRGINIA,1962,Representative,2,Scattering,,3
VIRGINIA,1962,Representative,3,J. Vaughan Gary,Democrat,28914
VIRGINIA,1962,Representative,3,Louis H. Williams,Republican,28566
VIRGINIA,1962,Representative,3,Alfred T. Dudley,Independent,584
VIRGINIA,1962,Representative,3,Scattering,,4
VIRGINIA,1962,Representative,4,Watkins M. Abbitt,Democrat,30642
VIRGINIA,1962,Representative,4,Scattering,,150
VIRGINIA,1962,Representative,5,William M. Tuck,Democrat,13827
VIRGINIA,1962,Representative,5,Scattering,,34
VIRGINIA,1962,Representative,6,John P. Wheeler,Democrat,23280
VIRGINIA,1962,Representative,6,Richard H. Poff,Republican,44060
VIRGINIA,1962,Representative,6,J. B. Brayman,Independent,216
VIRGINIA,1962,Representative,6,Scattering,,6
VIRGINIA,1962,Representative,7,John O. Marsh Jr.,Democrat,26302
VIRGINIA,1962,Representative,7,Kenneth Robinson,Republican,25704
VIRGINIA,1962,Representative,7,Scattering,,5
VIRGINIA,1962,Representative,8,Howard W. Smith,Democrat,20931
VIRGINIA,1962,Representative,8,Scattering,,267
VIRGINIA,1962,Representative,9,W. Pat Jennings,Democrat,32893
VIRGINIA,1962,Representative,9,Leon Owens,Republican,20851
VIRGINIA,1962,Representative,9,Scattering,,1
Vermont,1962,House,,Total 17 States,,25564386
Vermont,1962,House,,Total 17 States,,733
Vermont,1962,Senate,,58,Socialist,58
Vermont,1962,Senate,,12441,Write-in,12441
Virginia,1962,House,,Total 17 States,,24361387
Virginia,1962,House,,Total 17 States,,8174
WASHINGTON,1962,House,1,Alice Franklin Bryant,Democrat,38669
WASHINGTON,1962,House,1,Thomas M. Pelly,Republican,108504
WASHINGTON,1962,House,2,Milo Moore,Democrat,47333
WASHINGTON,1962,House,2,Jack Westland,Republican,70498
WASHINGTON,1962,House,3,Julia Butler Hansen,Democrat,69045
WASHINGTON,1962,House,3,Edwin J. Alexander,Republican,36629
WASHINGTON,1962,House,4,David A. Gallant,Democrat,40887
WASHINGTON,1962,House,4,Catherine May,Republican,83482
WASHINGTON,1962,House,5,Bernard J. Gallagher,Democrat,43333
WASHINGTON,1962,House,5,Walt Horan,Republican,78504
WASHINGTON,1962,House,6,Dawn Olson,Democrat,32513
WASHINGTON,1962,House,6,Thor C. Tollefson,Republican,79838
WASHINGTON,1962,House,7,Don Magnuson,Democrat,66052
WASHINGTON,1962,House,7,"K. W. ""Bill"" Stinson",Republican,86106
WASHINGTON,1962,Senate,,Warren G. Magnuson,Democrat,491365
WASHINGTON,1962,Senate,,Richard G. Christensen,Republican,446204
WASHINGTON,1962,Senate,,Henry Killman,Socialist Labor,4730
WASHINGTON,1962,Senate,,W. Frank Horne,Constitution,930
WEST VIRGINIA,1962,House,1,Cleveland M. Bailey,Democrat,65328
WEST VIRGINIA,1962,House,1,Arch A. Moore Jr.,Republican,97556
WEST VIRGINIA,1962,House,2,Harley O. Staggers,Democrat,62291
WEST VIRGINIA,1962,House,2,Cooper P. Benedict,Republican,43769
WEST VIRGINIA,1962,House,3,John M. Slack Jr.,Democrat,74743
WEST VIRGINIA,1962,House,3,M. G. Guthrie,Republican,46344
WEST VIRGINIA,1962,House,4,Ken Hechler,Democrat,83507
WEST VIRGINIA,1962,House,4,Clyde B. Pinson,Republican,60931
WEST VIRGINIA,1962,House,5,Elizabeth Kee,Democrat,57405
WEST VIRGINIA,1962,House,5,James S. Crockett,Republican,21144
WISCONSIN,1962,House,1,Gerald T. Flynn,Democrat,62800
WISCONSIN,1962,House,1,Henry C. Schadeberg,Republican,71657
WISCONSIN,1962,House,10,J. Louis Hanson,Democrat,30556
WISCONSIN,1962,House,10,Alvin E. O'Konski,Republican,52451
WISCONSIN,1962,House,2,Robert W. Kastenmeier,Democrat,89740
WISCONSIN,1962,House,2,Ivan H. Kindschi,Republican,81274
WISCONSIN,1962,House,3,Walter P. Thoresen,Democrat,34240
WISCONSIN,1962,House,3,Vernon W. Thomson,Republican,54237
WISCONSIN,1962,House,4,Clement J. Zablocki,Democrat,117029
WISCONSIN,1962,House,4,David F. Tillotson,Republican,44368
WISCONSIN,1962,House,5,Henry S. Reuss,Democrat,103705
WISCONSIN,1962,House,5,Thomas F. Nelson,Republican,59441
WISCONSIN,1962,House,6,John A. Race,Democrat,49238
WISCONSIN,1962,House,6,William K. Van Pelt,Republican,71298
WISCONSIN,1962,House,7,John F. Evans,Democrat,35151
WISCONSIN,1962,House,7,Melvin R. Laird,Republican,68418
WISCONSIN,1962,House,8,Owen F. Monfils,Democrat,47833
WISCONSIN,1962,House,8,John W. Byrnes,Republican,80808
WISCONSIN,1962,House,9,Lester R. Johnson,Democrat,50025
WISCONSIN,1962,House,9,Dennis B. Danielson,Republican,39955
WISCONSIN,1962,Senate,,Gaylord Nelson,Democrat,662342
WISCONSIN,1962,Senate,,Alexander Wiley,Republican,594846
WISCONSIN,1962,Senate,,Georgia Cozzini,Independent,1096
WISCONSIN,1962,Senate,,William Osborne Hart,Independent,1428
WISCONSIN,1962,Senate,,Wayne F. Levereux,Independent,368
WYOMING,1962,Senate,,J. J. Hickey,Democrat,50329
WYOMING,1962,Senate,,Milward L. Simpson,Republican,69043
WYOMING,1962,House,,Louis A. Mankus,Democrat,44985
WYOMING,1962,House,,William Henry Harrison,Republican,71489
Washington,1962,House,,Total 17 States,,79564
Washington,1962,House,,Total 17 States,,6986
Washington,1962,Senate,,466342,Democratic,466342
Washington,1962,Senate,,408346,Republican,408346
West Virginia,1962,House,,Total 17 States,,200736
West Virginia,1962,House,,Total 17 States,,107
Wisconsin,1962,House,,Total 17 States,,15171
Wisconsin,1962,Senate,,641506,Democratic,641506
Wisconsin,1962,Senate,,595462,Republican,595462
Wyoming,1962,House,,Total 17 States,,24181
Wyoming,1962,House,,Total 17 States,,649
