STATE,YEAR,RACE_TYPE,CONGRESSIONAL_DISTRICT,CANDIDATE_NAME,CANDIDATE_PARTY,VOTES,
ALABAMA,1922,HOUSE,1,John McDuffie,Democratic,13900,
ALABAMA,1922,HOUSE,2,John R. Tyson,Democratic,9255,
ALABAMA,1922,HOUSE,3,Henry B. Steagall,Democratic,9141,
ALABAMA,1922,HOUSE,4,Lamar Jeffers,Democratic,9976,
ALABAMA,1922,HOUSE,5,William B. Bowling,Democratic,10411,
ALABAMA,1922,HOUSE,6,William B. Oliver,Democratic,4864,
ALABAMA,1922,HOUSE,7,Miles C. Allgood,Democratic,18597,
ALABAMA,1922,HOUSE,8,Edward B. Almon,Democratic,12303,
ALABAMA,1922,HOUSE,9,George Huddleston,Democratic,11300,
ALABAMA,1922,HOUSE,10,William B. Bankhead,Democratic,13803,
ARIZONA,1922,HOUSE,AT_LARGE,Carl Hayden,Democratic,45121,
ARIZONA,1922,HOUSE,AT_LARGE,Emma M. Guild,Republican,14601,
ARIZONA,1922,SENATE,,Henry F. Ashurst,Democratic,39722,
ARIZONA,1922,SENATE,,James H. McClintock,Republican,21358,
ARKANSAS,1922,HOUSE,1,William J. Driver,Democratic,2553,
ARKANSAS,1922,HOUSE,2,William A. Oldfield,Democratic,4915,
ARKANSAS,1922,HOUSE,3,John N. Tillman,Democratic,5327,
ARKANSAS,1922,HOUSE,4,Otis Wingo,Democratic,7280,
ARKANSAS,1922,HOUSE,5,Heartsill Ragon,Democratic,6191,
ARKANSAS,1922,HOUSE,6,L. E. Sawyer,Democratic,3397,
ARKANSAS,1922,HOUSE,7,Tilman B. Parks,Democratic,3269,
CALIFORNIA,1922,HOUSE,1,Clarence F. Lea,Democratic,53129,
CALIFORNIA,1922,HOUSE,2,John E. Raker,Democratic,32981,
CALIFORNIA,1922,HOUSE,3,Charles F. Curry,Republican,71316,
CALIFORNIA,1922,HOUSE,3,Marcus H. Steely,Socialist,6561,
CALIFORNIA,1922,HOUSE,4,Julius Kahn,Republican,46527,
CALIFORNIA,1922,HOUSE,4,Hugo Ernst,Socialist,9547,
CALIFORNIA,1922,HOUSE,5,John I. Nolan,Republican,49414,
CALIFORNIA,1922,HOUSE,6,James H. MacLafferty,Republican,59858,
CALIFORNIA,1922,HOUSE,6,Hugh W. Brunk,Democratic,22711,
CALIFORNIA,1922,HOUSE,6,Elvina S. Beals,Socialist,7616,
CALIFORNIA,1922,HOUSE,7,Henry E. Barbour,Republican,67000,
CALIFORNIA,1922,HOUSE,8,Arthur M. Free,Republican,57926,
CALIFORNIA,1922,HOUSE,9,Walter F. Lineberger,Republican,66265,
CALIFORNIA,1922,HOUSE,9,Charles H. Randall,Democratic-Prohibition,45794,
CALIFORNIA,1922,HOUSE,10,Henry Z. Osborne,Republican,98739,
CALIFORNIA,1922,HOUSE,11,Philip D. Swing,Republican,79039,
CALIFORNIA,1922,HOUSE,11,George Bauer,Socialist,7466,
CALIFORNIA,1922,HOUSE,67th Congress (fill vacancy),James H. MacLafferty,Independent,53285,
CALIFORNIA,1922,HOUSE,67th Congress (fill vacancy),Hugh W. Brunk,Independent,24626,
CALIFORNIA,1922,SENATE,,Hiram W. Johnson,Republican,564422,
CALIFORNIA,1922,SENATE,,William J. Pearson,Democratic,215748,
CALIFORNIA,1922,SENATE,,Upton Sinclair,Socialist,56982,
CALIFORNIA,1922,SENATE,,H. Clay Needham,Prohibition,70748,
COLORADO,1922,HOUSE,1,William N. Vaile,Republican,32939,
COLORADO,1922,HOUSE,1,Benj. C. Hilliard,Democratic,25477,
COLORADO,1922,HOUSE,1,Hattie K. Howard,Farmer-Labor,959,
COLORADO,1922,HOUSE,2,C. B. Timberlake,Republican,43601,
COLORADO,1922,HOUSE,2,Charles M. Worth,Democratic,32443,
COLORADO,1922,HOUSE,3,Guy U. Hardy,Republican,43508,
COLORADO,1922,HOUSE,3,Chester B. Horn,Democratic,39500,
COLORADO,1922,HOUSE,4,Edward T. Taylor,Democratic,30331,
COLORADO,1922,HOUSE,4,Merle D. Vincent,Republican,16870,
CONNECTICUT,1922,HOUSE,1,E. Hart Fenn,Republican,40124,
CONNECTICUT,1922,HOUSE,1,Joseph F. Dutton,Democratic,35003,
CONNECTICUT,1922,HOUSE,1,Henry Vanderburgh,Socialist-Farmer-Labor,1714,
CONNECTICUT,1922,HOUSE,2,Richard P. Freeman,Republican,31484,
CONNECTICUT,1922,HOUSE,2,Raymond J. Jodoin,Democratic,24732,
CONNECTICUT,1922,HOUSE,2,Albert Boardman,Socialist,664,
CONNECTICUT,1922,HOUSE,3,John Q. Tilson,Republican,36247,
CONNECTICUT,1922,HOUSE,3,Stephen Whitney,Democratic,31674,
CONNECTICUT,1922,HOUSE,3,Williams,Socialist,1405,
CONNECTICUT,1922,HOUSE,4,Schuyler Merritt,Republican,35274,
CONNECTICUT,1922,HOUSE,4,Archibald McNeil,Democratic,28992,
CONNECTICUT,1922,HOUSE,4,Moffatt,Socialist,1200,
CONNECTICUT,1922,HOUSE,5,Patrick B. O'Sullivan,Democratic,27359,
CONNECTICUT,1922,HOUSE,5,James P. Glynn,Republican,27065,
CONNECTICUT,1922,HOUSE,5,John P. McCarthy,Socialist,653,
CONNECTICUT,1922,SENATE,,George P. McLean,Republican,169524,
CONNECTICUT,1922,SENATE,,Thomas J. Spellacy,Democratic,147276,
CONNECTICUT,1922,SENATE,,Polsky,Socialist-Farmer-Labor,6161,
DELAWARE,1922,HOUSE,AT_LARGE,William H. Boyce,Democratic,39126,
DELAWARE,1922,HOUSE,AT_LARGE,Caleb R. Layton,Republican,32577,
DELAWARE,1922,HOUSE,AT_LARGE,Frank A. Houck,Forward,908,
DELAWARE,1922,SENATE,,Thomas F. Bayard,Democratic,37304,
DELAWARE,1922,SENATE,,Coleman duPont,Republican,36979,
DELAWARE,1922,SENATE,,Frank Stephens,Forward,608,
FLORIDA,1922,HOUSE,1,Herbert J. Drane,Democratic,14371,
FLORIDA,1922,HOUSE,1,William M. Gober,Republican,2961,
FLORIDA,1922,HOUSE,2,Frank Clark,Democratic,6931,
FLORIDA,1922,HOUSE,3,John H. Smithwick,Democratic,7564,
FLORIDA,1922,HOUSE,4,William J. Sears,Democratic,15678,
FLORIDA,1922,HOUSE,4,Howard W. McCay,Republican,3362,
FLORIDA,1922,SENATE,,Park Trammell,Democratic,45707,
FLORIDA,1922,SENATE,,W. C. Lawson,Independent Republican,6074,
GEORGIA,1922,HOUSE,1,R. Lee Moore,Democratic,5579,
GEORGIA,1922,HOUSE,1,D. H. Clarke,Republican,426,
GEORGIA,1922,HOUSE,1,P. M. Anderson,Republican,196,
GEORGIA,1922,HOUSE,2,Frank Park,Democratic,5449,
GEORGIA,1922,HOUSE,3,Charles R. Crisp,Democratic,7298,
GEORGIA,1922,HOUSE,4,William C. Wright,Democratic,4777,
GEORGIA,1922,HOUSE,5,William D. Upshaw,Democratic,6646,
GEORGIA,1922,HOUSE,5,Max H. Wilensky,None,347,
GEORGIA,1922,HOUSE,6,James W. Wise,Democratic,6961,
GEORGIA,1922,HOUSE,7,Gordon Lee,Democratic,7584,
GEORGIA,1922,HOUSE,8,Charles H. Brand,Democratic,5148,
GEORGIA,1922,HOUSE,9,Thomas M. Bell,Democratic,11088,
GEORGIA,1922,HOUSE,9,John Gaston,Republican,101,
GEORGIA,1922,HOUSE,9,G. D. Brinkman,Republican,538,
GEORGIA,1922,HOUSE,10,Carl Vinson,Democratic,4639,
GEORGIA,1922,HOUSE,11,W. C. Lankford,Democratic,6882,
GEORGIA,1922,HOUSE,12,William W. Larsen,Democratic,5020,
GEORGIA,1922,SENATE,,Walter F. George,Democratic,75838,
IDAHO,1922,HOUSE,1,Burton L. French,Republican,24167,
IDAHO,1922,HOUSE,1,George Waters,Democratic,13772,
IDAHO,1922,HOUSE,1,W. W. Deal,Progressive,13673,
IDAHO,1922,HOUSE,2,Addison T. Smith,Republican,33206,
IDAHO,1922,HOUSE,2,W. P. Whitaker,Democratic,19875,
IDAHO,1922,HOUSE,2,Dow Dunning,Progressive,16450,
ILLINOIS,1922,HOUSE,1,Martin R. Madden,Republican,23895,
ILLINOIS,1922,HOUSE,1,George Mayer,Democratic,15999,
ILLINOIS,1922,HOUSE,1,Charles Hallbeck,Socialist,427,
ILLINOIS,1922,HOUSE,1,J.H. Kennedy,Farm-Labor,120,
ILLINOIS,1922,HOUSE,2,James R. Mann,Republican,58694,
ILLINOIS,1922,HOUSE,2,Adam F. Bloch,Democratic,38487,
ILLINOIS,1922,HOUSE,2,Charles V. Johnson,Socialist,3055,
ILLINOIS,1922,HOUSE,2,Wm. Emerson,Farm-Labor,637,
ILLINOIS,1922,HOUSE,3,Elliott W. Sproul,Republican,48486,
ILLINOIS,1922,HOUSE,3,Thomas M. Crane,Democratic,47335,
ILLINOIS,1922,HOUSE,3,Kellam Foster,Socialist,2537,
ILLINOIS,1922,HOUSE,3,George Stone,Farm-Labor,978,
ILLINOIS,1922,HOUSE,4,John W. Rainey,Democratic,32403,
ILLINOIS,1922,HOUSE,4,Henry G. Dobler,Republican,13328,
ILLINOIS,1922,HOUSE,4,John F. Krause,Socialist,1119,
ILLINOIS,1922,HOUSE,5,Adolph J. Sabath,Democratic,20377,
ILLINOIS,1922,HOUSE,5,Jacob Gartenstein,Republican,9007,
ILLINOIS,1922,HOUSE,5,Michael Sambrowski,Socialist,1130,
ILLINOIS,1922,HOUSE,5,William J. Riordan,Farm-Labor,132,
ILLINOIS,1922,HOUSE,6,James R. Buckley,Democratic,58928,
ILLINOIS,1922,HOUSE,6,John J. Gorman,Republican,58886,
ILLINOIS,1922,HOUSE,6,John S. Martin,Socialist,4341,
ILLINOIS,1922,HOUSE,7,M. Alfred Michaelson,Republican,69367,
ILLINOIS,1922,HOUSE,7,Frank M. Padden,Democratic,61035,
ILLINOIS,1922,HOUSE,7,John M. Collins,Socialist,7276,
ILLINOIS,1922,HOUSE,7,Daniel J. Gilfoy,Farm-Labor,1665,
ILLINOIS,1922,HOUSE,8,Stanley H. Kunz,Democratic,18749,
ILLINOIS,1922,HOUSE,8,Fred S. DeCola,Republican,9311,
ILLINOIS,1922,HOUSE,8,Henry C. Stockbridge,Socialist,542,
ILLINOIS,1922,HOUSE,8,James M. Cahill,Farm-Labor,93,
ILLINOIS,1922,HOUSE,9,Fred A. Britten,Republican,26143,
ILLINOIS,1922,HOUSE,9,James A. Prendergast,Democratic,16223,
ILLINOIS,1922,HOUSE,9,Evar Anderson,Socialist,1176,
ILLINOIS,1922,HOUSE,10,Carl R. Chindblom,Republican,62324,
ILLINOIS,1922,HOUSE,10,Bernard M. Wiedinger,Democratic,35535,
ILLINOIS,1922,HOUSE,10,Michael J. Scanlan,Socialist,2614,
ILLINOIS,1922,HOUSE,10,F. C. Dahms,Farm-Labor,792,
ILLINOIS,1922,HOUSE,11,Frank R. Reid,Republican,43581,
ILLINOIS,1922,HOUSE,11,Edward J. O'Beirne,Democratic,18816,
ILLINOIS,1922,HOUSE,11,Frank L. Raymond,Socialist,966,
ILLINOIS,1922,HOUSE,12,Charles E. Fuller,Republican,46893,
ILLINOIS,1922,HOUSE,12,John A. Dowdall,Democratic,11733,
ILLINOIS,1922,HOUSE,12,Fred N. Hale,Socialist,1838,
ILLINOIS,1922,HOUSE,13,John C. McKenzie,Republican,30064,
ILLINOIS,1922,HOUSE,13,William G. Curtiss,Democratic,12319,
ILLINOIS,1922,HOUSE,13,Xavier P. Gehant,Socialist,561,
ILLINOIS,1922,HOUSE,14,William J. Graham,Republican,34946,
ILLINOIS,1922,HOUSE,14,L. S. Mayer,Democratic,21541,
ILLINOIS,1922,HOUSE,14,John A. Nelson,Socialist,979,
ILLINOIS,1922,HOUSE,14,Wm. C. Mardis,Farm-Labor,857,
ILLINOIS,1922,HOUSE,15,Edward J. King,Republican,36547,
ILLINOIS,1922,HOUSE,15,Charles C. Craig,Democratic,23298,
ILLINOIS,1922,HOUSE,15,Emil P. Nelson,Socialist,997,
ILLINOIS,1922,HOUSE,16,William E. Hull,Republican,39372,
ILLINOIS,1922,HOUSE,16,Jesse Black Jr.,Democratic,30395,
ILLINOIS,1922,HOUSE,16,James LohHOUSE,Socialist,972,
ILLINOIS,1922,HOUSE,16,W. T. Smith,Farm-Labor,643,
ILLINOIS,1922,HOUSE,17,Frank H. Funk,Republican,28466,
ILLINOIS,1922,HOUSE,17,Frank Gillespie,Democratic,22233,
ILLINOIS,1922,HOUSE,17,John E. Abbott,Socialist,389,
ILLINOIS,1922,HOUSE,18,William P. Holaday,Republican,35880,
ILLINOIS,1922,HOUSE,18,Andrew B. Dennis,Democratic,30123,
ILLINOIS,1922,HOUSE,18,James P. Miller,Socialist,542,
ILLINOIS,1922,HOUSE,18,C. L. Mulhall,Farm-Labor,1357,
ILLINOIS,1922,HOUSE,19,Allen F. Moore,Republican,39636,
ILLINOIS,1922,HOUSE,19,Raymond D. Meeker,Democratic,32529,
ILLINOIS,1922,HOUSE,19,John R. Hefner,Socialist,765,
ILLINOIS,1922,HOUSE,20,Henry T. Rainey,Democratic,31430,
ILLINOIS,1922,HOUSE,20,Guy L. Shaw,Republican,26541,
ILLINOIS,1922,HOUSE,21,J. Earl Major,Democratic,37661,
ILLINOIS,1922,HOUSE,21,Loren E. Wheeler,Republican,33086,
ILLINOIS,1922,HOUSE,21,Herman Rahm,Socialist,1194,
ILLINOIS,1922,HOUSE,21,Duncan McDonald,Farm-Labor,4438,
ILLINOIS,1922,HOUSE,22,Edward E. Miller,Republican,34224,
ILLINOIS,1922,HOUSE,22,Edward E. Campbell,Democratic,31539,
ILLINOIS,1922,HOUSE,22,Earl G. Galloway,Socialist,1174,
ILLINOIS,1922,HOUSE,22,D. L. Thomas,Farm-Labor,4980,
ILLINOIS,1922,HOUSE,23,William W. Arnold,Democratic,38908,
ILLINOIS,1922,HOUSE,23,Edwin B. Brooks,Republican,34610,
ILLINOIS,1922,HOUSE,23,Frederick A. Cawley,Socialist,556,
ILLINOIS,1922,HOUSE,24,Thomas S. Williams,Republican,29141,
ILLINOIS,1922,HOUSE,24,Dempsey T. Woodard,Democratic,28252,
ILLINOIS,1922,HOUSE,25,Edward E. Denison,Republican,37907,
ILLINOIS,1922,HOUSE,25,A. S. Caldwell,Democratic,28697,
ILLINOIS,1922,HOUSE,25,Norman M. Harris,Socialist,1170,
ILLINOIS,1922,HOUSE,25,James McCollum,Farm-Labor,1943,
ILLINOIS,1922,HOUSE,AT_LARGE,Richard Yates,Republican,943684,
ILLINOIS,1922,HOUSE,AT_LARGE,Henry R. Rathbone,Republican,911599,
ILLINOIS,1922,HOUSE,AT_LARGE,William Murphy,Democratic,662059,
ILLINOIS,1922,HOUSE,AT_LARGE,Simon J. Gorman,Democratic,666583,
ILLINOIS,1922,HOUSE,AT_LARGE,Fred W. Wenschoff,Socialist,36311,
ILLINOIS,1922,HOUSE,AT_LARGE,Andrew Lafin,Socialist,35655,
ILLINOIS,1922,HOUSE,AT_LARGE,Edward Ellis Carr,Farm-Labor,32595,
ILLINOIS,1922,HOUSE,AT_LARGE,Henry W. Olinger,Farm-Labor,30756,
ILLINOIS,1922,HOUSE,67th Congress (fill vacancy),Winnifred Mason Huck,Republican,865971,
ILLINOIS,1922,HOUSE,67th Congress (fill vacancy),Allen D. Albert,Democratic,710743,
ILLINOIS,1922,HOUSE,67th Congress (fill vacancy),P. O. Hartline,Socialist,35425,
ILLINOIS,1922,HOUSE,67th Congress (fill vacancy),Frank Donovan,Farm-Labor,32590,
INDIANA,1922,HOUSE,1,William E. Wilson,Democratic,42807,
INDIANA,1922,HOUSE,1,Oscar R. Luhring,Republican,35835,
INDIANA,1922,HOUSE,2,Arthur H. Greenwood,Democratic,43632,
INDIANA,1922,HOUSE,2,Oscar E. Bland,Republican,42752,
INDIANA,1922,HOUSE,3,Frank Gardner,Democratic,43334,
INDIANA,1922,HOUSE,3,Samuel A. Lambdin,Republican,37202,
INDIANA,1922,HOUSE,4,Harry C. Canfield,Democratic,43749,
INDIANA,1922,HOUSE,4,John S. Benham,Republican,41825,
INDIANA,1922,HOUSE,5,Everett Sanders,Republican,38759,
INDIANA,1922,HOUSE,5,Charles H. Bidaman,Democratic,37748,
INDIANA,1922,HOUSE,6,Richard N. Elliott,Republican,39281,
INDIANA,1922,HOUSE,6,James A. Clifton,Democratic,36818,
INDIANA,1922,HOUSE,7,Merrill Moores,Republican,49629,
INDIANA,1922,HOUSE,7,Joseph P. Turk,Democratic,41118,
INDIANA,1922,HOUSE,8,Albert H. Vestal,Republican,43470,
INDIANA,1922,HOUSE,8,John W. Tyndall,Democratic,39169,
INDIANA,1922,HOUSE,9,Fred S. Purnell,Republican,46919,
INDIANA,1922,HOUSE,9,George Lee Moffett,Democratic,42074,
INDIANA,1922,HOUSE,10,William R. Wood,Republican,45590,
INDIANA,1922,HOUSE,10,William F. Spencer,Democratic,30835,
INDIANA,1922,HOUSE,11,Samuel E. Cook,Democratic,45389,
INDIANA,1922,HOUSE,11,Milton Kraus,Republican,39285,
INDIANA,1922,HOUSE,12,Louis W. Fairfield,Republican,36045,
INDIANA,1922,HOUSE,12,Charles W. Branstrator,Democratic,34457,
INDIANA,1922,HOUSE,13,Andrew J. Hickey,Republican,50003,
INDIANA,1922,HOUSE,13,Esther K. O'Keeffe,Democratic,43053,
INDIANA,1922,SENATE,,Samuel M. Ralston,Democratic,558169,
INDIANA,1922,SENATE,,Albert J. Beveridge,Republican,524558,
IOWA,1922,HOUSE,1,William F. Kopp,Republican,26651,
IOWA,1922,HOUSE,1,John M. Lindley,Democratic,14056,
IOWA,1922,HOUSE,1,Arthur W. Saarman,Independent,292,
IOWA,1922,HOUSE,2,Harry E. Hull,Republican,27450,
IOWA,1922,HOUSE,2,Wayne G. Cook,Democratic,25620,
IOWA,1922,HOUSE,2,William E. McIntosh,Independent,367,
IOWA,1922,HOUSE,3,T. J. B. Robinson,Republican,34518,
IOWA,1922,HOUSE,3,Fred P. Hageman,Democratic,24304,
IOWA,1922,HOUSE,3,L. E. Eikelburg,Independent,1100,
IOWA,1922,HOUSE,4,Gilbert N. Haugen,Republican,32586,
IOWA,1922,HOUSE,4,A. M. Schanke,Democratic,24532,
IOWA,1922,HOUSE,5,Cyrenus Cole,Republican,33607,
IOWA,1922,HOUSE,5,G. A. Smith,Democratic,15825,
IOWA,1922,HOUSE,6,C. W. Ramseyer,Republican,28702,
IOWA,1922,HOUSE,6,James E. Craven,Democratic,17489,
IOWA,1922,HOUSE,6,L. D. Reid,Independent,213,
IOWA,1922,HOUSE,7,Cassius C. Dowell,Republican,34012,
IOWA,1922,HOUSE,7,Winfred E. Robb,Democratic,19987,
IOWA,1922,HOUSE,7,Charles Gay,Independent,606,
IOWA,1922,HOUSE,8,Horace M. Towner,Republican,30551,
IOWA,1922,HOUSE,8,J. P. Daughton,Democratic,23478,
IOWA,1922,HOUSE,9,William R. Green,Republican,31757,
IOWA,1922,HOUSE,9,Paul W. Richards,Democratic,19722,
IOWA,1922,HOUSE,10,L. J. Dickinson,Republican,41290,
IOWA,1922,HOUSE,10,Mrs. Jett W. Douglas,Democratic,16781,
IOWA,1922,HOUSE,11,William D. Boies,Republican,36050,
IOWA,1922,HOUSE,11,Guy M. Gillette,Democratic,24027,
IOWA,1922,SENATE,,Smith W. Brookhart,Republican,389751,
IOWA,1922,SENATE,,Clyde L. Herring,Democratic,227833,
KANSAS,1922,HOUSE,1,"D. R. Anthony, jr.",Republican,39463,
KANSAS,1922,HOUSE,1,Frank Gragg,Democratic,22480,
KANSAS,1922,HOUSE,2,Edward C. Little,Republican,41482,
KANSAS,1922,HOUSE,2,William H Thompson,Democratic,34816,
KANSAS,1922,HOUSE,3,W. H. Sproul,Republican,38321,
KANSAS,1922,HOUSE,3,Charles Stephens,Democratic,37829,
KANSAS,1922,HOUSE,3,George W. Snyder,Socialist,2018,
KANSAS,1922,HOUSE,4,Homer Hoch,Republican,29657,
KANSAS,1922,HOUSE,4,Walter W. Austin,Democratic,17294,
KANSAS,1922,HOUSE,4,Thomas H. McGill,Socialist,887,
KANSAS,1922,HOUSE,5,James G. Strong,Republican,32064,
KANSAS,1922,HOUSE,5,Clarence E. Hatfield,Democratic,24881,
KANSAS,1922,HOUSE,6,Hays B. White,Republican,33464,
KANSAS,1922,HOUSE,6,F. W. Boyd,Democratic,26666,
KANSAS,1922,HOUSE,6,B. B. Brethauer,Socialist,1731,
KANSAS,1922,HOUSE,7,J. N. Tincher,Republican,47515,
KANSAS,1922,HOUSE,7,A. S. Allphin,Democratic,32159,
KANSAS,1922,HOUSE,7,E. E. Colglazier,Socialist,1825,
KANSAS,1922,HOUSE,8,William A. Ayres,Democratic,37581,
KANSAS,1922,HOUSE,8,Richard E. Bird,Republican,22721,
KENTUCKY,1922,HOUSE,1,Alben W. Barkley,Democratic,10668,
KENTUCKY,1922,HOUSE,1,F. M. McCain,Republican,4961,
KENTUCKY,1922,HOUSE,2,David H. Kincheloe,Democratic,15933,
KENTUCKY,1922,HOUSE,2,George W. Jolly,Republican,8897,
KENTUCKY,1922,HOUSE,3,"Robt. Y. Thomas, jr.",Democratic,22499,
KENTUCKY,1922,HOUSE,3,W. O. Moats,Republican,15639,
KENTUCKY,1922,HOUSE,4,Ben Johnson,Democratic,19142,
KENTUCKY,1922,HOUSE,4,P. N. Woodruff,Farm-Labor,1429,
KENTUCKY,1922,HOUSE,5,Maurice H. Thatcher,Republican,38806,
KENTUCKY,1922,HOUSE,5,Kendrick R. Lewis,Democratic,35125,
KENTUCKY,1922,HOUSE,5,H. F. Young,Farm-Labor,5154,
KENTUCKY,1922,HOUSE,6,Arthur B. Rouse,Democratic,18131,
KENTUCKY,1922,HOUSE,6,Leo E. Keller,Nonp. League,18131,
KENTUCKY,1922,HOUSE,6,M. A. Brinkman,Socialist,1028,
KENTUCKY,1922,HOUSE,7,James C. Cantrill,Democratic,9389,
KENTUCKY,1922,HOUSE,8,Ralph Gilbert,Democratic,21296,
KENTUCKY,1922,HOUSE,8,D. H. Kincaid,Republican,15802,
KENTUCKY,1922,HOUSE,9,William J. Fields,Democratic,24116,
KENTUCKY,1922,HOUSE,9,J. H. Stricklin,Republican,12691,
KENTUCKY,1922,HOUSE,10,John W. Langley,Republican,17067,
KENTUCKY,1922,HOUSE,10,F. Tom Hatcher,Democratic,13668,
KENTUCKY,1922,HOUSE,11,John M. Robsion,Republican,38086,
KENTUCKY,1922,HOUSE,11,C. J. Sipple,Democratic,11396,
KENTUCKY,1922,HOUSE,11,H. S. Seavy,Farm-Labor,2670,
LOUISIANA,1922,HOUSE,1,James O'Connor,Democratic,14760,
LOUISIANA,1922,HOUSE,2,H. Garland Dupré,Democratic,12287,
LOUISIANA,1922,HOUSE,3,Whitmell P. Martin,Democratic,1954,
LOUISIANA,1922,HOUSE,4,John N. Sandlin,Democratic,3618,
LOUISIANA,1922,HOUSE,5,Riley J. Wilson,Democratic,2188,
LOUISIANA,1922,HOUSE,6,George K. Favrot,Democratic,3317,
LOUISIANA,1922,HOUSE,7,Ladislas Lazaro,Democratic,3069,
LOUISIANA,1922,HOUSE,8,James B. Aswell,Democratic,2987,
MAINE,1922,HOUSE,1,Carroll L. Beedy,Republican,26050,
MAINE,1922,HOUSE,1,Louis A. Donahue,Democratic,18312,
MAINE,1922,HOUSE,2,"Wallace H. White, jr.",Republican,25719,
MAINE,1922,HOUSE,2,Bertrand G. McIntire,Democratic,22150,
MAINE,1922,HOUSE,3,John E. Nelson,Republican,30655,
MAINE,1922,HOUSE,3,Leon O. Tebbetts,Democratic,21828,
MAINE,1922,HOUSE,4,Ira G. Hersey,Republican,18641,
MAINE,1922,HOUSE,4,James W. Sewall,Democratic,11997,
MAINE,1922,SENATE,,Frederick Hale,Republican,101026,
MAINE,1922,SENATE,,Okley C. Curtis,Democratic,74660,
MARYLAND,1922,HOUSE,1,T. Alan Goldsborough,Democratic,27117,
MARYLAND,1922,HOUSE,1,Charles J. Butler,Republican,21524,
MARYLAND,1922,HOUSE,2,Millard E. Tydings,Democratic,36565,
MARYLAND,1922,HOUSE,2,Albert A. Blakeney,Republican,31053,
MARYLAND,1922,HOUSE,2,William H. Champlin,Socialist,867,
MARYLAND,1922,HOUSE,2,Richard A. O'Brien,Labor,774,
MARYLAND,1922,HOUSE,3,John Philip Hill,Republican,27740,
MARYLAND,1922,HOUSE,3,Antony Dimarco,Democratic,12454,
MARYLAND,1922,HOUSE,3,Samuel M. Neistadt,Socialist,687,
MARYLAND,1922,HOUSE,3,Verne L. Reynolds,Labor,357,
MARYLAND,1922,HOUSE,4,J. Charles Linthicum,Democratic,33322,
MARYLAND,1922,HOUSE,4,L. Edward Wolf,Republican,18972,
MARYLAND,1922,HOUSE,4,Clarence H. Taylor,Socialist,767,
MARYLAND,1922,HOUSE,4,Joseph Dirner,Labor,966,
MARYLAND,1922,HOUSE,5,Sydney E. Mudd,Republican,23764,
MARYLAND,1922,HOUSE,5,Clarence M. Roberts,Democratic,21112,
MARYLAND,1922,HOUSE,5,Louis F. Guillotte,Labor,450,
MARYLAND,1922,HOUSE,5,F. W. Hartley-Hellyer,Independent,484,
MARYLAND,1922,HOUSE,5,Chester F. Gannon,Peoples,1015,
MARYLAND,1922,HOUSE,6,Frederick N. Zihlman,Republican,22261,
MARYLAND,1922,HOUSE,6,Frank W. Mish,Democratic,20838,
MARYLAND,1922,HOUSE,6,P. Oswald Weber,Socialist,770,
MARYLAND,1922,SENATE,,William C. Bruce,Democratic,160947,
MARYLAND,1922,SENATE,,Joseph I. France,Republican,139581,
MARYLAND,1922,SENATE,,James L. Smiley,Socialist,2479,
MARYLAND,1922,SENATE,,Robert E. Long,Labor,2909,
MASSACHUSETTS,1922,HOUSE,1,Allen T. Treadway,Republican,26229,
MASSACHUSETTS,1922,HOUSE,1,Thomas F. Cassidy,Democratic,25529,
MASSACHUSETTS,1922,HOUSE,2,Frederick H. Gillett,Republican,28639,
MASSACHUSETTS,1922,HOUSE,2,Joseph E. Kerigan,Democratic,19376,
MASSACHUSETTS,1922,HOUSE,3,Calvin D. Paige,Republican,26944,
MASSACHUSETTS,1922,HOUSE,3,M. Fred O'Connell,Democratic,19311,
MASSACHUSETTS,1922,HOUSE,3,Leon S. Oliver,Consumer-Nonp.,1549,
MASSACHUSETTS,1922,HOUSE,4,Samuel E. Winslow,Republican,32942,
MASSACHUSETTS,1922,HOUSE,4,William H. Dyer,Democratic,29399,
MASSACHUSETTS,1922,HOUSE,5,John Jacob Rogers,Republican,33673,
MASSACHUSETTS,1922,HOUSE,5,Andrew E. Barrett,Democratic,18936,
MASSACHUSETTS,1922,HOUSE,6,A. Piatt Andrew,Republican,36426,
MASSACHUSETTS,1922,HOUSE,6,Charles I. Pettingell,Democratic,10895,
MASSACHUSETTS,1922,HOUSE,7,"William P. Connery, jr.",Democratic,30493,
MASSACHUSETTS,1922,HOUSE,7,Frederick Butler,Republican,23978,
MASSACHUSETTS,1922,HOUSE,8,Frederick W. Dallinger,Republican,42248,
MASSACHUSETTS,1922,HOUSE,8,John F. Daly,Democratic,21893,
MASSACHUSETTS,1922,HOUSE,9,Charles L. Underhill,Republican,31229,
MASSACHUSETTS,1922,HOUSE,9,Arthur D. Healey,Democratic,22867,
MASSACHUSETTS,1922,HOUSE,10,Peter F. Tague,Democratic,21029,
MASSACHUSETTS,1922,HOUSE,10,Loyal L. Jenkins,Republican,5422,
MASSACHUSETTS,1922,HOUSE,11,George H. Tinkham,Republican,33396,
MASSACHUSETTS,1922,HOUSE,11,David J. Brickley,Democratic,21999,
MASSACHUSETTS,1922,HOUSE,12,James A. Gallivan,Democratic,42779,
MASSACHUSETTS,1922,HOUSE,12,Alexander H. Rice,Republican,13575,
MASSACHUSETTS,1922,HOUSE,13,Robert Luce,Republican,50719,
MASSACHUSETTS,1922,HOUSE,14,Louis A. Frothingham,Republican,41490,
MASSACHUSETTS,1922,HOUSE,14,David W. Murray,Democratic,24014,
MASSACHUSETTS,1922,HOUSE,15,William S. Greene,Republican,25179,
MASSACHUSETTS,1922,HOUSE,15,Arthur J. B. Cartier,Democratic,18662,
MASSACHUSETTS,1922,HOUSE,16,Charles L. Gifford,Republican,23862,
MASSACHUSETTS,1922,HOUSE,16,James P. Doran,Democratic,20021,
MASSACHUSETTS,1922,SENATE,,Henry Cabot Lodge,Republican,414130,
MASSACHUSETTS,1922,SENATE,,William A. Gaston,Democratic,406776,
MASSACHUSETTS,1922,SENATE,,John A. Nicholls,Prohibition-Progressive,24866,
MASSACHUSETTS,1922,SENATE,,John Weaver Sherman,Socialist,11678,
MASSACHUSETTS,1922,SENATE,,Washington Cook,Independent,7836,
MASSACHUSETTS,1922,SENATE,,William E. Weeks,Progressive,4862,
MICHIGAN,1922,HOUSE,1,Robert H. Clancy,Democratic,22996,
MICHIGAN,1922,HOUSE,1,Hugh Shepherd,Republican,17722,
MICHIGAN,1922,HOUSE,1,Ernest Schlenter,Socialist,686,
MICHIGAN,1922,HOUSE,1,Edward Oberly,Farm-Labor,125,
MICHIGAN,1922,HOUSE,2,Earl C. Michener,Republican,31509,
MICHIGAN,1922,HOUSE,2,James W. Helme,Democratic,23393,
MICHIGAN,1922,HOUSE,3,John M. C. Smith,Republican,23869,
MICHIGAN,1922,HOUSE,3,George Burr Smith,Democratic,15226,
MICHIGAN,1922,HOUSE,4,John C. Ketcham,Republican,26050,
MICHIGAN,1922,HOUSE,4,Homer S. Carr,Democratic,13772,
MICHIGAN,1922,HOUSE,5,Carl E. Mapes,Republican,25853,
MICHIGAN,1922,HOUSE,5,Claude O. Taylor,Democratic,10501,
MICHIGAN,1922,HOUSE,6,Grant M. Hudson,Republican,46791,
MICHIGAN,1922,HOUSE,6,Charles R. Adair,Democratic,29241,
MICHIGAN,1922,HOUSE,6,Hallen M. Bell,Farm-Labor,243,
MICHIGAN,1922,HOUSE,7,Louis C. Cramton,Republican,35328,
MICHIGAN,1922,HOUSE,7,Patrick H. Kane,Democratic,13431,
MICHIGAN,1922,HOUSE,7,H. Kaumeier,Socialist,119,
MICHIGAN,1922,HOUSE,8,Bird J. Vincent,Republican,33864,
MICHIGAN,1922,HOUSE,8,De Witt Vought,Democratic,19538,
MICHIGAN,1922,HOUSE,9,James C. McLaughlin,Republican,21703,
MICHIGAN,1922,HOUSE,9,William H. Henderson,Socialist,980,
MICHIGAN,1922,HOUSE,10,Roy O. Woodruff,Republican,23792,
MICHIGAN,1922,HOUSE,11,Frank D. Scott,Republican,24390,
MICHIGAN,1922,HOUSE,11,Robert H. Rayburn,Democratic,10823,
MICHIGAN,1922,HOUSE,12,W. Frank James,Republican,26228,
MICHIGAN,1922,HOUSE,12,Frederick Kappler,Democratic,6784,
MICHIGAN,1922,HOUSE,13,Clarence J. McLeod,Republican,28871,
MICHIGAN,1922,HOUSE,13,Ferris H. Fitch,Democratic,11948,
MICHIGAN,1922,HOUSE,13,Carl H. Caspar,Socialist,526,
MICHIGAN,1922,SENATE,,Woodbridge N. Ferris,Democratic,294932,
MICHIGAN,1922,SENATE,,Charles E. Townsend,Republican,281843,
MICHIGAN,1922,SENATE,,Wm. L. Krieghoff,Socialist,4249,
MICHIGAN,1922,SENATE,,Frank E. Titus,Prohibition,1936,
MINNESOTA,1922,HOUSE,1,Sydney Anderson,Republican,36698,
MINNESOTA,1922,HOUSE,1,J. F. Lynn,Democratic,27316,
MINNESOTA,1922,HOUSE,2,Frank Clague,Republican,47591,
MINNESOTA,1922,HOUSE,3,Charles R. Davis,Republican,42708,
MINNESOTA,1922,HOUSE,3,Lillien Cox Gault,Democratic,18462,
MINNESOTA,1922,HOUSE,4,Oscar E. Keller,Republican,33259,
MINNESOTA,1922,HOUSE,4,Paul E. Doty,Democratic,20187,
MINNESOTA,1922,HOUSE,4,O. J. McCartney,Independent,3243,
MINNESOTA,1922,HOUSE,5,Walter H. Newton,Republican,45221,
MINNESOTA,1922,HOUSE,5,John R. Coan,Democratic,38760,
MINNESOTA,1922,HOUSE,6,Harold Knutson,Republican,37201,
MINNESOTA,1922,HOUSE,6,Peter J. Seberger,Independent,19365,
MINNESOTA,1922,HOUSE,6,John Knutsen,Independent,4550,
MINNESOTA,1922,HOUSE,7,O. J. Kvale,Independent,42832,
MINNESOTA,1922,HOUSE,7,Andrew J. Volstead,Republican,28918,
MINNESOTA,1922,HOUSE,8,Oscar J. Larson,Republican,32420,
MINNESOTA,1922,HOUSE,8,William L. Carss,Democratic,28757,
MINNESOTA,1922,HOUSE,9,Knud Wefald,Farm-Labor,35551,
MINNESOTA,1922,HOUSE,9,Halvor Steenerson,Republican,27590,
MINNESOTA,1922,HOUSE,10,Thomas D. Schall,Republican,53424,
MINNESOTA,1922,HOUSE,10,Henry B. Rutledge,Progressive,12842,
MINNESOTA,1922,SENATE,,Henrik Shipstead,Farm-Labor,325372,
MINNESOTA,1922,SENATE,,Frank P. Kellogg,Republican,241833,
MINNESOTA,1922,SENATE,,Anna D. Olesen,Democratic,123624,
MISSISSIPPI,1922,HOUSE,1,John E. Rankin,Democratic,9407,
MISSISSIPPI,1922,HOUSE,1,Gaston Therrell,Republican,23,
MISSISSIPPI,1922,HOUSE,2,B. G. Lowrey,Democratic,7985,
MISSISSIPPI,1922,HOUSE,2,William McDonough,Republican,450,
MISSISSIPPI,1922,HOUSE,3,B. G. Humphreys,Democratic,4403,
MISSISSIPPI,1922,HOUSE,3,B. B. Montgomery,Republican,136,
MISSISSIPPI,1922,HOUSE,4,Jeff Busby,Democratic,9260,
MISSISSIPPI,1922,HOUSE,4,R. H. DeKay,Republican,170,
MISSISSIPPI,1922,HOUSE,5,Ross A. Collins,Democratic,11336,
MISSISSIPPI,1922,HOUSE,5,Sherry B. Smith,Republican,388,
MISSISSIPPI,1922,HOUSE,5,A. E. Lange,Independent,49,
MISSISSIPPI,1922,HOUSE,6,T. Webber Wilson,Democratic,12640,
MISSISSIPPI,1922,HOUSE,6,John G. McGowan,Republican,238,
MISSISSIPPI,1922,HOUSE,7,Percy E. Quin,Democratic,5842,
MISSISSIPPI,1922,HOUSE,7,H. C. Turley,Republican,159,
MISSISSIPPI,1922,HOUSE,8,James W. Collier,Democratic,5609,
MISSISSIPPI,1922,HOUSE,8,W. L. Rice,Republican,57,
MISSISSIPPI,1922,SENATE,,Hubert D. Stephens,Democratic,63639,
MISSISSIPPI,1922,SENATE,,John H. Cook,Republican,3632,
MISSISSIPPI,1922,SENATE,,Sumner W. Rose,Socialist,1273,
MISSOURI,1922,HOUSE,1,M. A. Romjue,Democratic,30102,
MISSOURI,1922,HOUSE,1,Franke C. Millspaugh,Republican,23577,
MISSOURI,1922,HOUSE,1,Bevier,Socialist,236,
MISSOURI,1922,HOUSE,2,Ralph F. Lozier,Democratic,34041,
MISSOURI,1922,HOUSE,2,E. Y. Keiter ,Republican,21016,
MISSOURI,1922,HOUSE,2,Elias P. Anderson,Socialist,77,
MISSOURI,1922,HOUSE,3,Jacob L. Milligan,Democratic,25997,
MISSOURI,1922,HOUSE,3,Henry F. Lawrence,Republican,23919,
MISSOURI,1922,HOUSE,4,Charles L. Faust,Republican,28110,
MISSOURI,1922,HOUSE,4,William E. Spratt,Democratic,26394,
MISSOURI,1922,HOUSE,4,E. M. Wormley,Socialist,44,
MISSOURI,1922,HOUSE,5,Henry L. Jost,Democratic,62702,
MISSOURI,1922,HOUSE,5,Edgar C. Ellis,Republican,55262,
MISSOURI,1922,HOUSE,5,Joseph G. Hodges,Socialist,328,
MISSOURI,1922,HOUSE,5,Karl Oberhue,Socialist-Labor,115,
MISSOURI,1922,HOUSE,6,C. C. Dickinson,Democratic,27038,
MISSOURI,1922,HOUSE,6,Wililam O. Atkeson,Republican,23492,
MISSOURI,1922,HOUSE,6,R. V. Shoemaker,Socialist,192,
MISSOURI,1922,HOUSE,7,Samuel C. Major,Democratic,36950,
MISSOURI,1922,HOUSE,7,Roscoe C. Patterson,Republican,35627,
MISSOURI,1922,HOUSE,7,Cox,Socialist,334,
MISSOURI,1922,HOUSE,8,Sidney C. Roach,Republican,25927,
MISSOURI,1922,HOUSE,8,Mrs. St. Clair Moss,Democratic,21559,
MISSOURI,1922,HOUSE,9,Clarence Cannon,Democratic,30063,
MISSOURI,1922,HOUSE,9,Theodore W. Hukriede,Republican,23058,
MISSOURI,1922,HOUSE,10,Cleveland A. Newton,Republican,71827,
MISSOURI,1922,HOUSE,10,A. A. Alexander,Democratic,46704,
MISSOURI,1922,HOUSE,10,Hoehn,Socialist,2134,
MISSOURI,1922,HOUSE,10,William Ungerer,Socialist-Labor,172,
MISSOURI,1922,HOUSE,11,Harry B. Hawes,Democratic,24839,
MISSOURI,1922,HOUSE,11,Bernard P. Bogy,Republican,17188,
MISSOURI,1922,HOUSE,11,E. J. Tschudin,Socialist,461,
MISSOURI,1922,HOUSE,11,Spalti,Socialist-Labor,49,
MISSOURI,1922,HOUSE,12,Leonidas C. Dyer,Republican,15667,
MISSOURI,1922,HOUSE,12,David D. Israel,Democratic,11679,
MISSOURI,1922,HOUSE,12,Skoven,Socialist,257,
MISSOURI,1922,HOUSE,12,Charles Kuchan,Socialist-Labor,37,
MISSOURI,1922,HOUSE,13,J. Scott Wolff,Democratic,23622,
MISSOURI,1922,HOUSE,13,Marion E. Rhodes,Republican,21870,
MISSOURI,1922,HOUSE,13,Andrew J. Macdonald,Socialist,288,
MISSOURI,1922,HOUSE,14,James F. Fulbright,Democratic,37896,
MISSOURI,1922,HOUSE,14,Edw. D. Hays,Republican,34573,
MISSOURI,1922,HOUSE,14,Lionberger,Socialist,428,
MISSOURI,1922,HOUSE,15,Joe J. Manlove,Republican,32843,
MISSOURI,1922,HOUSE,15,Frank H. Lee,Democratic,28801,
MISSOURI,1922,HOUSE,15,Miles M. Jones,Socialist,617,
MISSOURI,1922,HOUSE,16,Thomas L. Rubey,Democratic,25989,
MISSOURI,1922,HOUSE,16,Phil A. Bennett,Republican,22153,
MISSOURI,1922,HOUSE,16,Henry M. Fouty,Socialist,275,h
MISSOURI,1922,SENATE,,James A. Reed,Democratic,506264,
MISSOURI,1922,SENATE,,R. R. Brewster,Republican,462009,
MISSOURI,1922,SENATE,,Brandt,Socialist,7119,
MISSOURI,1922,SENATE,,Cox,Socialist-Labor,970,
MONTANA,1922,HOUSE,1,John M. Evans,Democratic,36589,
MONTANA,1922,HOUSE,1,Wash. J. McCormick,Republican,26684,
MONTANA,1922,HOUSE,1,Lulu F. Dawley,Socialist,876,
MONTANA,1922,HOUSE,2,Scott Leavitt,Republican,46499,
MONTANA,1922,HOUSE,2,Preston B. Moss,Democratic,39147,
MONTANA,1922,SENATE,,Burton K. Wheeler,Democratic,88205,
MONTANA,1922,SENATE,,Carl W. Riddick,Republican,69464,
MONTANA,1922,SENATE,,George H. Ambrose,Socialist,1068,
NEBRASKA,1922,HOUSE,1,John H. Morehead,Democratic,25079,
NEBRASKA,1922,HOUSE,1,Walter L. Anderson,Republican,23075,
NEBRASKA,1922,HOUSE,1,E. Luella Barton,Prohibition,1224,
NEBRASKA,1922,HOUSE,1,A. L. Tidd,Progressive,1607,
NEBRASKA,1922,HOUSE,2,Willis G. Sears,Republican,26308,
NEBRASKA,1922,HOUSE,2,James H. Hanley,Democratic,25257,
NEBRASKA,1922,HOUSE,2,Roy M. Harrop,Progressive,3048,
NEBRASKA,1922,HOUSE,3,Edgar Howard,Democratic,34843,
NEBRASKA,1922,HOUSE,3,Robert E. Evans,Republican,32930,
NEBRASKA,1922,HOUSE,3,John Havekost,Progressive,4252,
NEBRASKA,1922,HOUSE,4,Melvin O. McLaughlin,Republican,29743,
NEBRASKA,1922,HOUSE,4,H. B. Cummins,Democratic,25504,
NEBRASKA,1922,HOUSE,4,John A. Schmidt,Progressive,3034,
NEBRASKA,1922,HOUSE,5,A. C. Shallenberger,Democratic,26923,
NEBRASKA,1922,HOUSE,5,William E. Andrews,Republican,25456,
NEBRASKA,1922,HOUSE,5,S. J. Franklin,Progressive,6250,
NEBRASKA,1922,HOUSE,6,Robert G. Simmons,Republican,41558,
NEBRASKA,1922,HOUSE,6,Charles W. Beal,Democratic,35784,
NEBRASKA,1922,HOUSE,6,John A. Smith,By Petition,3672,
NEBRASKA,1922,SENATE,,Ralph B. Howell,Republican,220350,
NEBRASKA,1922,SENATE,,Gilbert M. Hitchcock,Democratic,148265,
NEBRASKA,1922,SENATE,,James L. Beebe,Third Party,19076,
NEVADA,1922,HOUSE,AT_LARGE,Charles L. Richards,Democratic,15991,
NEVADA,1922,HOUSE,AT_LARGE,A. Grant Miller,Republican,12084,
NEVADA,1922,SENATE,,Key Pittman,Democratic,18200,
NEVADA,1922,SENATE,,Charles S. Chandler,Republican,10671,
NEW HAMPSHIRE,1922,HOUSE,1,William N. Rogers,Democratic,36793,
NEW HAMPSHIRE,1922,HOUSE,1,John Scammon,Republican,30694,
NEW HAMPSHIRE,1922,HOUSE,2,Edward H. Wason,Republican,31570,
NEW HAMPSHIRE,1922,HOUSE,2,William H. Barry,Democratic,27980,
NEW JERSEY,1922,HOUSE,1,"FrancisF. Patterson, jr.",Republican,46505,
NEW JERSEY,1922,HOUSE,1,Ethan P. Westcott,Democratic,29381,
NEW JERSEY,1922,HOUSE,1,P. C. McCormick,Socialist,958,
NEW JERSEY,1922,HOUSE,2,Isaac Bacharach,Republican,50925,
NEW JERSEY,1922,HOUSE,2,Charles S. Stevens,Democratic,22001,
NEW JERSEY,1922,HOUSE,3,Elmer H. Geran,Democratic,44337,
NEW JERSEY,1922,HOUSE,3,T. Frank Appleby,Republican,43809,
NEW JERSEY,1922,HOUSE,4,Charles Browne,Democratic,32422,
NEW JERSEY,1922,HOUSE,4,Elijah C. Hutchinson,Republican,28934,
NEW JERSEY,1922,HOUSE,5,Ernest R. Ackerman,Republican,43460,
NEW JERSEY,1922,HOUSE,5,Monell Sayre,Democratic,32039,
NEW JERSEY,1922,HOUSE,5,Sarah E. McLoughlin,Socialist,1016,
NEW JERSEY,1922,HOUSE,5,A. C. Thompson,Independent,117,
NEW JERSEY,1922,HOUSE,6,Randolph Perkins,Republican,41564,
NEW JERSEY,1922,HOUSE,6,Thomas A. Shields,Democratic,37561,
NEW JERSEY,1922,HOUSE,7,George N. Seger,Republican,26613,
NEW JERSEY,1922,HOUSE,7,Wilmer A. Cadmus,Democratic,21190,
NEW JERSEY,1922,HOUSE,7,Frank Hubschmitt,Socialist,745,
NEW JERSEY,1922,HOUSE,7,Harry SantHOUSE,Socialist-Labor,196,
NEW JERSEY,1922,HOUSE,8,Frank J. McNulty,Democratic,40379,
NEW JERSEY,1922,HOUSE,8,Warren P. Coon,Republican,27936,
NEW JERSEY,1922,HOUSE,8,Edward H. Mead,Socialist,709,
NEW JERSEY,1922,HOUSE,9,Daniel F. Minahan,Democratic,21276,
NEW JERSEY,1922,HOUSE,9,Richard W. Parker,Republican,19182,
NEW JERSEY,1922,HOUSE,10,F. F. Lehlbach,Republican,28570,
NEW JERSEY,1922,HOUSE,10,John F. Cahill,Democratic,21211,
NEW JERSEY,1922,HOUSE,11,John J. Eagan,Democratic,39957,
NEW JERSEY,1922,HOUSE,11,Archibald E. Olpp,Republican,18399,
NEW JERSEY,1922,HOUSE,11,James M. Reilly,Socialist,964,
NEW JERSEY,1922,HOUSE,11,Charles A. Eypper,Independent,461,
NEW JERSEY,1922,HOUSE,12,C. F. X. O'Brien,Democratic,51596,
NEW JERSEY,1922,HOUSE,12,W. A. O'Brien,Republican,17372,
NEW JERSEY,1922,HOUSE,12,Valentine Bausch,Socialist,486,
NEW JERSEY,1922,SENATE,,Edward I. Edwards,Democratic,451832,
NEW JERSEY,1922,SENATE,,Joseph S. Frelinghuysen,Republican,362699,
NEW MEXICO,1922,HOUSE,AT_LARGE,John Morrow,Democratic,59254,
NEW MEXICO,1922,HOUSE,AT_LARGE,Adelina Otero-Warren,Republican,49635,
NEW MEXICO,1922,SENATE,,Andrieus A. Jones,Democratic,60969,
NEW MEXICO,1922,SENATE,,"Stephen B. Davis, jr.",Republican,48721,
NEW YORK,1922,HOUSE,1,Robert L. Bacon,Republican,47191,
NEW YORK,1922,HOUSE,1,S. A. Warner Baltazzi,Democratic-Farm-Labor,32224,
NEW YORK,1922,HOUSE,1,Barnet Wolff,Socialist,1443,
NEW YORK,1922,HOUSE,1,William A. Simons,Prohibition,1121,
NEW YORK,1922,HOUSE,2,John J. Kindred,Democratic,60306,
NEW YORK,1922,HOUSE,2,Frank E. Hopkins,Republican,19560,
NEW YORK,1922,HOUSE,2,Peter J. Flanagan,Socialist-Farm-Labor,3839,
NEW YORK,1922,HOUSE,3,George W. Lindsay,Democratic,21513,
NEW YORK,1922,HOUSE,3,John Kissel,Republican,8547,
NEW YORK,1922,HOUSE,3,William W. Passage,Socialist-Farm-Labor,2716,
NEW YORK,1922,HOUSE,3,F. K. Oakley,Prohibition,91,
NEW YORK,1922,HOUSE,4,Thomas H. Cullen,Democratic,27100,
NEW YORK,1922,HOUSE,4,Dominic E. Picon,Republican,7104,
NEW YORK,1922,HOUSE,4,George L. Giefer,Socialist-Farm-Labor,995,
NEW YORK,1922,HOUSE,4,George H. Vogel,Prohibition,231,
NEW YORK,1922,HOUSE,5,"Loring M. Black, jr.",Democratic,33840,
NEW YORK,1922,HOUSE,5,Ardolph L. Kline,Republican,25917,
NEW YORK,1922,HOUSE,5,Louis Weil,Socialist-Farm-Labor,1412,
NEW YORK,1922,HOUSE,5,H. M. McNichol,Prohibition,428,
NEW YORK,1922,HOUSE,6,Charles I. Stengle,Democratic,31363,
NEW YORK,1922,HOUSE,6,Warren I. Lee,Republican,28240,
NEW YORK,1922,HOUSE,6,Mina Eskanazi,Socialist-Farm-Labor,4713,
NEW YORK,1922,HOUSE,6,William E. Moore,Prohibition,570,
NEW YORK,1922,HOUSE,7,John F. Quayle,Democratic,21688,
NEW YORK,1922,HOUSE,7,Michael J. Hogan,Republican,14772,
NEW YORK,1922,HOUSE,7,James Oneal,Socialist-Farm-Labor,3807,
NEW YORK,1922,HOUSE,7,Lewis C. Brown,Prohibition,250,
NEW YORK,1922,HOUSE,7,Iago Goldstein,Independent,115,
NEW YORK,1922,HOUSE,8,William E. Cleary,Democratic,34622,
NEW YORK,1922,HOUSE,8,Charles G. Bond,Republican,19745,
NEW YORK,1922,HOUSE,8,David P. Berenberg,Socialist-Farm-Labor,6804,
NEW YORK,1922,HOUSE,8,David H. Howell,Prohibition,256,
NEW YORK,1922,HOUSE,9,David J. O'Connell,Democratic,35833,
NEW YORK,1922,HOUSE,9,Andrew N. Petersen,Republican,23251,
NEW YORK,1922,HOUSE,9,Wilhemus B. Robinson,Socialist-Farm-Labor,4526,
NEW YORK,1922,HOUSE,9,Frank Mershon,Prohibition,266,
NEW YORK,1922,HOUSE,10,Emanuel Celler,Democratic,20210,
NEW YORK,1922,HOUSE,10,Lester D. Volk,Republican,17099,
NEW YORK,1922,HOUSE,10,Jerome T. De Hunt,Socialist-Farm-Labor,6522,
NEW YORK,1922,HOUSE,10,Bernard Cook,Prohibition,262,
NEW YORK,1922,HOUSE,10,James P. Cannon,,196,
NEW YORK,1922,HOUSE,11,Daniel J. Riordan,Democratic,29134,
NEW YORK,1922,HOUSE,11,Joseph B. Handy,Republican,12889,
NEW YORK,1922,HOUSE,11,Walter Dearing,Socialist-Farm-Labor,781,
NEW YORK,1922,HOUSE,11,D. Leigh Colvin,Prohibition,291,
NEW YORK,1922,HOUSE,12,Samuel Dickstein,Democratic,11027,
NEW YORK,1922,HOUSE,12,Meyer London,Socialist,5900,
NEW YORK,1922,HOUSE,12,Louis Zeltner,Republican,1183,
NEW YORK,1922,HOUSE,12,Albert T. Hull,,11,
NEW YORK,1922,HOUSE,13,Christopher D. Sullivan,Democratic,11424,
NEW YORK,1922,HOUSE,13,Murray Firstman,Republican,3041,
NEW YORK,1922,HOUSE,13,Abraham Lefkowitz,Socialist-Farm-Labor,2659,
NEW YORK,1922,HOUSE,14,Nathan D. Perlman,Republican,8782,
NEW YORK,1922,HOUSE,14,David H. Knott,Democratic,8173,
NEW YORK,1922,HOUSE,14,Jacob Panken,Socialist-Farm-Labor,6459,
NEW YORK,1922,HOUSE,14,Kenneth S. Guthrie,Prohibition,94,
NEW YORK,1922,HOUSE,15,John J. Boylan,Democratic,20382,
NEW YORK,1922,HOUSE,15,Thomas J. Ryan,Republican,12205,
NEW YORK,1922,HOUSE,15,Leonard Kaye,Socialist-Farm-Labor,752,
NEW YORK,1922,HOUSE,15,Aaron R. Lewis,Prohibition,192,
NEW YORK,1922,HOUSE,16,W. Bourke Cockran,Democratic,23370,
NEW YORK,1922,HOUSE,16,John C. O'Connor,Republican,8277,
NEW YORK,1922,HOUSE,16,Jessie W. Hughan,Socialist-Farm-Labor,1517,
NEW YORK,1922,HOUSE,16,H. W. Livingston,Prohibition,239,
NEW YORK,1922,HOUSE,17,Ogden L. Mills,Republican,21274,
NEW YORK,1922,HOUSE,17,Herman A. Metz,Democratic,19355,
NEW YORK,1922,HOUSE,17,Harry DeVoe,Socialist-Farm-Labor,1150,
NEW YORK,1922,HOUSE,17,R. J. McAusland,Prohibition,341,
NEW YORK,1922,HOUSE,18,John F. Carew,Democratic,24248,
NEW YORK,1922,HOUSE,18,Albert E. Schwartz,Republican,8398,
NEW YORK,1922,HOUSE,18,Benjamin Howe,Socialist-Farm-Labor,3535,
NEW YORK,1922,HOUSE,18,H. D. Burnham,Prohibition,122,
NEW YORK,1922,HOUSE,19,Samuel Marx,Democratic,29798,
NEW YORK,1922,HOUSE,19,Walter M. Chandler,Republican,26172,
NEW YORK,1922,HOUSE,19,Philip Zausner,Socialist-Farm-Labor,2556,
NEW YORK,1922,HOUSE,19,George B. Youngs,Prohibition,561,
NEW YORK,1922,HOUSE,19,Cyrus H. DuBoys,,132,
NEW YORK,1922,HOUSE,20,Fiorello H. LaGuardia,Republican,8492,
NEW YORK,1922,HOUSE,20,Henry Frank,Democratic,8324,
NEW YORK,1922,HOUSE,20,William Karlin,Socialist-Farm-Labor,5260,
NEW YORK,1922,HOUSE,20,Jacob B. Saludsky,,98,
NEW YORK,1922,HOUSE,21,Royal H. Weller,Democratic,32393,
NEW YORK,1922,HOUSE,21,Martin C. Ansorge,Republican,32053,
NEW YORK,1922,HOUSE,21,Frank Crosswaith,Socialist-Farm-Labor,2054,
NEW YORK,1922,HOUSE,21,Mamie Colvin,Prohibition,636,
NEW YORK,1922,HOUSE,21,Morris VanVeen,,143,
NEW YORK,1922,HOUSE,22,Anthony J. Griffin,Democratic,29544,
NEW YORK,1922,HOUSE,22,Charles Francis Connolly,Republican,7188,
NEW YORK,1922,HOUSE,22,Ernest Bohm,Socialist-Farm-Labor,3752,
NEW YORK,1922,HOUSE,22,George W. White,,117,
NEW YORK,1922,HOUSE,23,Frank Oliver,Democratic,50382,
NEW YORK,1922,HOUSE,23,Albert B. Rossdale,Republican,25154,
NEW YORK,1922,HOUSE,23,Salvatore Ninfo,Socialist-Farm-Labor,12411,
NEW YORK,1922,HOUSE,23,Leo Boeder,Prohibition,239,
NEW YORK,1922,HOUSE,23,Luigi Miscione,,580,
NEW YORK,1922,HOUSE,23,Luigi Antonio,,382,
NEW YORK,1922,HOUSE,24,James V. Ganly,Democratic,40058,
NEW YORK,1922,HOUSE,24,Benjamin L. Fairchild,Republican,35656,
NEW YORK,1922,HOUSE,24,Philip Umstadter,Socialist-Farm-Labor,8873,
NEW YORK,1922,HOUSE,25,J. Mayhew Wainwright,Republican,33674,
NEW YORK,1922,HOUSE,25,Robert A. Osborn,Democratic,27412,
NEW YORK,1922,HOUSE,25,H. Wilhelm Wessling,Socialist,2083,
NEW YORK,1922,HOUSE,26,"Hamilton Fish, jr.",Republican,34633,
NEW YORK,1922,HOUSE,26,Thomas Pendell,Democratic,20831,
NEW YORK,1922,HOUSE,26,Alfred C. Perkins,Socialist,1258,
NEW YORK,1922,HOUSE,27,Charles B. Ward,Republican,30154,
NEW YORK,1922,HOUSE,27,John J. Burns,Democratic,27937,
NEW YORK,1922,HOUSE,27,Boris Fogelson,Socialist,953,
NEW YORK,1922,HOUSE,27,H. Westlake Coons,Prohibition,5830,
NEW YORK,1922,HOUSE,28,Parker Corning,Democratic,54570,
NEW YORK,1922,HOUSE,28,Charles M. Winchester,Republican,42531,
NEW YORK,1922,HOUSE,28,William S. Wensley,Socialist,1564,
NEW YORK,1922,HOUSE,29,James S. Parker,Republican,45895,
NEW YORK,1922,HOUSE,29,William H. Faxon,Democratic,28726,
NEW YORK,1922,HOUSE,29,Cornelius Beucher,Socialist,1274,
NEW YORK,1922,HOUSE,30,Frank Crowther,Republican,32225,
NEW YORK,1922,HOUSE,30,George H. Derry,Democratic,25261,
NEW YORK,1922,HOUSE,30,Lawrence E. Gerrity,Socialist,2941,
NEW YORK,1922,HOUSE,31,Bertrand H. Snell,Republican,28205,
NEW YORK,1922,HOUSE,31,J. Franklin Sharp,Democratic,17257,
NEW YORK,1922,HOUSE,31,Edward S. Bly,Socialist,458,
NEW YORK,1922,HOUSE,32,Luther W. Mott,Republican,44091,
NEW YORK,1922,HOUSE,32,M. J. Daley,Democratic,22279,
NEW YORK,1922,HOUSE,32,John Seitz,Socialist,1039,
NEW YORK,1922,HOUSE,32,James Corbett,Farm-Labor,308,
NEW YORK,1922,HOUSE,33,Homer P. Snyder,Republican,31978,
NEW YORK,1922,HOUSE,33,Fred Sisson,Democratic,30118,
NEW YORK,1922,HOUSE,33,Charles L. Letson,Socialist,1431,
NEW YORK,1922,HOUSE,33,William Harrison,Farm-Labor,987,
NEW YORK,1922,HOUSE,34,John D. Clarke,Republican,40902,
NEW YORK,1922,HOUSE,34,Clayton L. Wheeler,Democratic,23323,
NEW YORK,1922,HOUSE,34,A. C. Breckenridge,Socialist,1018,
NEW YORK,1922,HOUSE,35,Walter W. Magee,Republican,47119,
NEW YORK,1922,HOUSE,35,Frederick W. Thomson,Democratic,37785,
NEW YORK,1922,HOUSE,35,Fred Sander,Socialist,2124,
NEW YORK,1922,HOUSE,36,John Taber,Republican,43633,
NEW YORK,1922,HOUSE,36,David J. Sims,Democratic,22980,
NEW YORK,1922,HOUSE,37,Gale H. Stalker,Republican,42144,
NEW YORK,1922,HOUSE,37,Charles P. Smith,Democratic,28290,
NEW YORK,1922,HOUSE,37,William J. C. Wismar,Socialist,821,
NEW YORK,1922,HOUSE,38,Meyer Jacobstein,Democratic,35319,
NEW YORK,1922,HOUSE,38,Frederick T. Pierson,Republican,33690,
NEW YORK,1922,HOUSE,38,Joel Moses,Socialist,5101,
NEW YORK,1922,HOUSE,39,Archie D. Sanders,Republican,37852,
NEW YORK,1922,HOUSE,39,David A. White,Democratic,22585,
NEW YORK,1922,HOUSE,39,Clark Allis,Prohibition,2100,
NEW YORK,1922,HOUSE,40,S. Wallace Dempsey,Republican,41754,
NEW YORK,1922,HOUSE,40,Philip Clancy,Democratic,21590,
NEW YORK,1922,HOUSE,40,John W. Slacer,Prohibition,2530,
NEW YORK,1922,HOUSE,41,Clarence MacGregor,Republican,25342,
NEW YORK,1922,HOUSE,41,William P. Greiner,Democratic,16301,
NEW YORK,1922,HOUSE,41,Frank Ehrenfried,Socialist,4067,
NEW YORK,1922,HOUSE,42,James M. Mead,Democratic,25070,
NEW YORK,1922,HOUSE,42,Louis J. Schwendler,Republican,12494,
NEW YORK,1922,HOUSE,42,Jacob F. Griesinger,Socialist,2913,
NEW YORK,1922,HOUSE,43,Daniel A. Reed,Republican,40374,
NEW YORK,1922,HOUSE,43,Frederick Garfield,Democratic,15261,
NEW YORK,1922,HOUSE,43,Conrad Axelsohn,Socialist,1265,
NEW YORK,1922,HOUSE,43,J. William Sanbury,Farm-Labor,356,
NEW YORK,1922,SENATE,,Royal S. Copeland,Democratic,1276667,
NEW YORK,1922,SENATE,,William M. Calder,Republican,995421,
NEW YORK,1922,SENATE,,Algernon Lee,Socialist,117928,
NEW YORK,1922,SENATE,,Coleridge A. Hart,Prohibition,32124,
NEW YORK,1922,SENATE,,Henry Kuhn,Socialist-Labor,4993,
NORTH CAROLINA,1922,HOUSE,1,Hallett S. Ward,Democratic,10201,
NORTH CAROLINA,1922,HOUSE,1,C. E. Kranmer,Republican,3401,
NORTH CAROLINA,1922,HOUSE,2,Claude Kitchin,Democratic,8533,
NORTH CAROLINA,1922,HOUSE,3,Charles L. Abernethy,Democratic,14101,
NORTH CAROLINA,1922,HOUSE,3,Thomas J. Hood,Republican,6925,
NORTH CAROLINA,1922,HOUSE,4,Edward W. Pou,Democratic,16205,
NORTH CAROLINA,1922,HOUSE,4,F. Eugene Hester,Republican,8086,
NORTH CAROLINA,1922,HOUSE,5,Charles M. Stedman,Democratic,33694,
NORTH CAROLINA,1922,HOUSE,5,Lucy B. Patterson,Republican,20380,
NORTH CAROLINA,1922,HOUSE,6,Homer L. Lyon,Democratic,14996,
NORTH CAROLINA,1922,HOUSE,6,William J. McDonald,Republican,5266,
NORTH CAROLINA,1922,HOUSE,7,William C. Hammer,Democratic,30629,
NORTH CAROLINA,1922,HOUSE,7,W. B. Love,Republican,23592,
NORTH CAROLINA,1922,HOUSE,8,Robert L. Doughton,Democratic,31340,
NORTH CAROLINA,1922,HOUSE,8,James I. Campbell,Republican,24235,
NORTH CAROLINA,1922,HOUSE,9,Alfred L. Bulwinkle,Democratic,28596,
NORTH CAROLINA,1922,HOUSE,9,R. H. Shuford,Republican,19168,
NORTH CAROLINA,1922,HOUSE,10,Zebulon Weaver,Democratic,37626,
NORTH CAROLINA,1922,HOUSE,10,Ralph R. Fisher,Republican,28192,
NORTH DAKOTA,1922,HOUSE,1,Olger B. Burtness,Republican,45959,
NORTH DAKOTA,1922,HOUSE,2,George M. Young,Republican,36528,
NORTH DAKOTA,1922,HOUSE,2,J. W. Deemy,Progressive,15834,
NORTH DAKOTA,1922,HOUSE,3,James H. Sinclair,Republican,33499,
NORTH DAKOTA,1922,HOUSE,3,E. J. Hughes,Democratic,18672,
NORTH DAKOTA,1922,SENATE,,Lynn J. Frazier,Republican,101312,
NORTH DAKOTA,1922,SENATE,,J. F. T. O'Connor,Democratic,92464,
OHIO,1922,HOUSE,1,Nicholas Longworth,Republican,45253,
OHIO,1922,HOUSE,1,Sidney G. Stricker,Democratic,30945,
OHIO,1922,HOUSE,1,Edward L. Hutchins,Farm-Labor,3094,
OHIO,1922,HOUSE,2,A. E. B. Stephens,Republican,39898,
OHIO,1922,HOUSE,2,John R. Quane,Democratic,30051,
OHIO,1922,HOUSE,2,Charles A. Herbst,Farm-Labor,4001,
OHIO,1922,HOUSE,3,Roy G. Fitzgerald,Republican,52111,
OHIO,1922,HOUSE,3,Warren Gard,Democratic,46127,
OHIO,1922,HOUSE,3,Joseph Woodward,Socialist,2280,
OHIO,1922,HOUSE,4,John L. Cable,Republican,43251,
OHIO,1922,HOUSE,4,J. Henry Goeke,Democratic,35916,
OHIO,1922,HOUSE,5,Charles J. Thompson,Republican,31700,
OHIO,1922,HOUSE,5,Frank C. Kniffin,Democratic,28067,
OHIO,1922,HOUSE,6,Charles C. Kearns,Republican,32416,
OHIO,1922,HOUSE,6,William N. Gableman,Democratic,28939,
OHIO,1922,HOUSE,7,Charles Brand,Republican,53182,
OHIO,1922,HOUSE,7,Charles B. Zimmerman,Democratic,38522,
OHIO,1922,HOUSE,8,R. Clint Cole,Republican,37065,
OHIO,1922,HOUSE,8,H. H. Hartmann,Democratic,34105,
OHIO,1922,HOUSE,9,Isaac R. Sherwood,Democratic,45059,
OHIO,1922,HOUSE,9,W. W. Chalmers,Republican,42712,
OHIO,1922,HOUSE,10,Israel M. Foster,Republican,30341,
OHIO,1922,HOUSE,10,James Sharp,Democratic,17811,
OHIO,1922,HOUSE,11,Mell G. Underwood,Democratic,29058,
OHIO,1922,HOUSE,11,Edwin D. Ricketts,Republican,27162,
OHIO,1922,HOUSE,12,John C. Speaks,Republican,47265,
OHIO,1922,HOUSE,12,H. Sage Valentine,Democratic,37875,
OHIO,1922,HOUSE,12,William Garminden,Socialist-Labor,632,
OHIO,1922,HOUSE,13,James T. Begg,Republican,38994,
OHIO,1922,HOUSE,13,Arthur W. Overmyer,Democratic,30199,
OHIO,1922,HOUSE,14,Martin L. Davey,Democratic,49935,
OHIO,1922,HOUSE,14,Frank E. Whittemore,Republican,46087,
OHIO,1922,HOUSE,15,C. Ellis Moore,Republican,32894,
OHIO,1922,HOUSE,15,James R. Alexander,Democratic,30120,
OHIO,1922,HOUSE,15,F. J. Ash,Independent,1003,
OHIO,1922,HOUSE,16,John McSweeney,Democratic,43590,
OHIO,1922,HOUSE,16,Joseph H. Himes,Republican,39881,
OHIO,1922,HOUSE,17,William M. Morgan,Republican,42331,
OHIO,1922,HOUSE,17,William A. Ashbrook,Democratic,41745,
OHIO,1922,HOUSE,18,Frank Murphy,Republican,41572,
OHIO,1922,HOUSE,18,Marion Huffman,Democratic,25449,
OHIO,1922,HOUSE,18,"Jacob S. Coxey, sr",Independent,5907,
OHIO,1922,HOUSE,19,John G. Cooper,Republican,40492,
OHIO,1922,HOUSE,19,W. B. Kilpatrick,Democratic,27836,
OHIO,1922,HOUSE,20,Charles A. Mooney,Democratic,23469,
OHIO,1922,HOUSE,20,Miner G. Norton,Republican,17968,
OHIO,1922,HOUSE,20,John G. Willett,Socialist,1381,
OHIO,1922,HOUSE,20,James Goward,Socialist-Labor,198,
OHIO,1922,HOUSE,20,James A. Murphy,Independent,128,
OHIO,1922,HOUSE,21,Robert Crosser,Democratic,18645,
OHIO,1922,HOUSE,21,Harry G. Gahn,Republican,14024,
OHIO,1922,HOUSE,21,Henry Kuhlman,Socialist,997,
OHIO,1922,HOUSE,21,Frank Kalcec,Socialist-Labor,185,
OHIO,1922,HOUSE,22,Theodore E. Burton,Republican,57781,
OHIO,1922,HOUSE,22,William J. Zoul,Democratic,20511,
OHIO,1922,HOUSE,22,D. B. Washburn,Independent,401,
OHIO,1922,SENATE,,Simeon D. Fess,Republican,794159,
OHIO,1922,SENATE,,Atlee Pomerene,Democratic,744558,
OHIO,1922,SENATE,,Virginia D. Green,Independent,21514,
OKLAHOMA,1922,HOUSE,1,Everett B. Howard,Democratic,39233,
OKLAHOMA,1922,HOUSE,1,T. A. Chandler,Republican,32478,
OKLAHOMA,1922,HOUSE,2,William W. Hastings,Democratic,30418,
OKLAHOMA,1922,HOUSE,2,Alice M. Robertson,Republican,21973,
OKLAHOMA,1922,HOUSE,2,S. M. Gipson,Independent,339,
OKLAHOMA,1922,HOUSE,3,Charles D. Carter,Democratic,44964,
OKLAHOMA,1922,HOUSE,3,Philas S. Jones,Republican,15022,
OKLAHOMA,1922,HOUSE,3,M. L. Misenheimer,Socialist,632,
OKLAHOMA,1922,HOUSE,4,Tom D. McKeown,Democratic,39247,
OKLAHOMA,1922,HOUSE,4,Joseph C. Pringey,Republican,20568,
OKLAHOMA,1922,HOUSE,4,L. A. Stanwood,Socialist,400,
OKLAHOMA,1922,HOUSE,5,F. B. Swank,Democratic,46120,
OKLAHOMA,1922,HOUSE,5,U. S. Stone,Republican,26893,
OKLAHOMA,1922,HOUSE,5,Leonard Johnson,Socialist,517,
OKLAHOMA,1922,HOUSE,6,Elmer Thomas,Democratic,30532,
OKLAHOMA,1922,HOUSE,6,L. M. Gensman,Republican,22757,
OKLAHOMA,1922,HOUSE,6,J. V. Kolachny,Socialist,579,
OKLAHOMA,1922,HOUSE,6,Alonzo Turner,Independent,40,
OKLAHOMA,1922,HOUSE,7,James V. McClintic,Democratic,28956,
OKLAHOMA,1922,HOUSE,7,W. G. Roe,Republican,11444,
OKLAHOMA,1922,HOUSE,7,William H. Conley,Socialist,822,
OKLAHOMA,1922,HOUSE,8,M. C. Garber,Republican,29068,
OKLAHOMA,1922,HOUSE,8,Zach A. Harris,Democratic,26111,
OKLAHOMA,1922,HOUSE,8,H. C. Geist,Socialist,629,
OKLAHOMA,1922,HOUSE,8,Thos. P. Hopley,Independent,85,
OREGON,1922,HOUSE,1,Willis C. Hawley,Republican,64567,
OREGON,1922,HOUSE,2,Nicholas J. Sinnott,Republican,22861,
OREGON,1922,HOUSE,2,James H. Graham,Democratic,15789,
OREGON,1922,HOUSE,3,Elton Watkins,Democratic,36690,
OREGON,1922,HOUSE,3,Clifton N. McArthur,Republican,35696,
OREGON,1922,HOUSE,3,Robert G. Duncan,Independent,2530,
OREGON,1922,HOUSE,3,F. T. Johns,Independent-Labor,2159,
PENNSYLVANIA,1922,HOUSE,1,William S. Vare,Republican,46946,
PENNSYLVANIA,1922,HOUSE,1,Stephen Flanagan,Democratic,8227,
PENNSYLVANIA,1922,HOUSE,1,Samuel Braderman,Socialist,790,
PENNSYLVANIA,1922,HOUSE,1,John A. C. Owens,Single Tax,136,
PENNSYLVANIA,1922,HOUSE,2,George S. Graham,Republican,31470,
PENNSYLVANIA,1922,HOUSE,2,Ellen Duane Davis,Democratic,4739,
PENNSYLVANIA,1922,HOUSE,2,Helen Murphy,Socialist,513,
PENNSYLVANIA,1922,HOUSE,2,Frances I. Macauley,Single Tax,140,
PENNSYLVANIA,1922,HOUSE,3,Harry C. Ransley,Republican,33058,
PENNSYLVANIA,1922,HOUSE,3,Edward P. Carroll,Democratic,5507,
PENNSYLVANIA,1922,HOUSE,3,Marcellus Wait,Socialist,552,
PENNSYLVANIA,1922,HOUSE,3,Joseph Hagerty,Single Tax,66,
PENNSYLVANIA,1922,HOUSE,4,George W. Edmonds,Republican,28757,
PENNSYLVANIA,1922,HOUSE,4,Joseph K. Willing,Democratic,8954,
PENNSYLVANIA,1922,HOUSE,4,John Eiser,Socialist,967,
PENNSYLVANIA,1922,HOUSE,4,Kitti Robinson,Single Tax,104,
PENNSYLVANIA,1922,HOUSE,5,James J. Connolly,Republican,31238,
PENNSYLVANIA,1922,HOUSE,5,James J. Sweeney,Democratic,7717,
PENNSYLVANIA,1922,HOUSE,5,Henry Close,Socialist,1344,
PENNSYLVANIA,1922,HOUSE,5,James Connolly,Welfare,119,
PENNSYLVANIA,1922,HOUSE,5,Charles Bergen,Voters League,335,
PENNSYLVANIA,1922,HOUSE,5,Oliver Wingert,Single Tax,146,
PENNSYLVANIA,1922,HOUSE,6,George A. Welsh,Republican,44159,
PENNSYLVANIA,1922,HOUSE,6,Robert J. Sterrett,Democratic,13629,
PENNSYLVANIA,1922,HOUSE,6,John W. Quick,Socialist,1048,
PENNSYLVANIA,1922,HOUSE,6,Robert Carson,Prohibition,1183,
PENNSYLVANIA,1922,HOUSE,6,Frederick E. Mayer,Single Tax,127,
PENNSYLVANIA,1922,HOUSE,7,George P. Darrow,Republican,31580,
PENNSYLVANIA,1922,HOUSE,7,"John W. Graham, jr.",Democratic,9694,
PENNSYLVANIA,1922,HOUSE,7,William G. Toplis,Socialist,1041,
PENNSYLVANIA,1922,HOUSE,7,James F. McCormick,Single Tax,173,
PENNSYLVANIA,1922,HOUSE,8,Thomas S. Butler,Republican,30349,
PENNSYLVANIA,1922,HOUSE,8,William T. Ellis,Democratic,18306,
PENNSYLVANIA,1922,HOUSE,8,Albert J. Vernon,Socialist,411,
PENNSYLVANIA,1922,HOUSE,8,Julia B. Hazard,Prohibition,570,
PENNSYLVANIA,1922,HOUSE,9,Henry W. Watson,Republican,32052,
PENNSYLVANIA,1922,HOUSE,9,C. William Freed,Democratic,18083,
PENNSYLVANIA,1922,HOUSE,9,Elmer Young,Socialist,758,
PENNSYLVANIA,1922,HOUSE,9,C. W. Rambo,Prohibition,943,
PENNSYLVANIA,1922,HOUSE,10,William W. Griest,Republican,33545,
PENNSYLVANIA,1922,HOUSE,10,Frank C. Musser,Democratic,30017,
PENNSYLVANIA,1922,HOUSE,11,Lawrence H. Watres,Republican,23266,
PENNSYLVANIA,1922,HOUSE,11,Patrick McLane,Democratic,22540,
PENNSYLVANIA,1922,HOUSE,11,George Hart,Socialist,642,
PENNSYLVANIA,1922,HOUSE,12,John J. Casey,Democratic,33953,
PENNSYLVANIA,1922,HOUSE,12,Clarence D. Coughlin,Republican,30532,
PENNSYLVANIA,1922,HOUSE,13,George F. Brumm,Republican,23218,
PENNSYLVANIA,1922,HOUSE,13,Charles F. Ditchey,Democratic,19305,
PENNSYLVANIA,1922,HOUSE,13,Con F. Foley,Socialist,1341,
PENNSYLVANIA,1922,HOUSE,14,William M. Croll,Democratic,31592,
PENNSYLVANIA,1922,HOUSE,14,Fred B. Gernerd,Republican,29617,
PENNSYLVANIA,1922,HOUSE,14,George W. Snyder,Socialist,4294,
PENNSYLVANIA,1922,HOUSE,15,Louis T. McFadden,Republican,20399,
PENNSYLVANIA,1922,HOUSE,15,T. Francis Carroll,Democratic,11498,
PENNSYLVANIA,1922,HOUSE,16,Edgar R. Kiess,Republican,17498,
PENNSYLVANIA,1922,HOUSE,16,James M. Rook,Democratic,12014,
PENNSYLVANIA,1922,HOUSE,16,P. A. McGowan,Socialist,1104,
PENNSYLVANIA,1922,HOUSE,17,Herbert W. Cummings,Democratic,22588,
PENNSYLVANIA,1922,HOUSE,17,I. Clinton Kline,Republican,16796,
PENNSYLVANIA,1922,HOUSE,18,Edward M. Beers,Republican,24675,
PENNSYLVANIA,1922,HOUSE,18,King Alexander,Democratic,20069,
PENNSYLVANIA,1922,HOUSE,18,John Sheets,Socialist,390,
PENNSYLVANIA,1922,HOUSE,19,Frank C. Sites,Democratic,33570,
PENNSYLVANIA,1922,HOUSE,19,Aaron S. Kreider,Republican,28115,
PENNSYLVANIA,1922,HOUSE,19,Sam Young,Socialist,973,
PENNSYLVANIA,1922,HOUSE,20,George M. Wertz,Republican,12276,
PENNSYLVANIA,1922,HOUSE,20,Warren W. Bailey,Democratic,11969,
PENNSYLVANIA,1922,HOUSE,20,Faber V. McCloskey,Labor,2337,
PENNSYLVANIA,1922,HOUSE,20,R. M. Palmer,Roosevelt,2671,
PENNSYLVANIA,1922,HOUSE,21,J. Banks Kurtz,Republican,13106,
PENNSYLVANIA,1922,HOUSE,21,D. S. Brumbaugh,Democratic,11425,
PENNSYLVANIA,1922,HOUSE,21,Earl W. Rothrock,Socialist-Labor,3050,
PENNSYLVANIA,1922,HOUSE,22,Samuel F. Glatfelter,Democratic,22181,
PENNSYLVANIA,1922,HOUSE,22,Mahlon N. Haines,Republican,17694,
PENNSYLVANIA,1922,HOUSE,22,George E. Barnhart,Socialist,498,
PENNSYLVANIA,1922,HOUSE,22,George E. Smith,,1416,
PENNSYLVANIA,1922,HOUSE,23,William I. Swoope,Republican,16928,
PENNSYLVANIA,1922,HOUSE,23,J. Frank Snyder,Democratic,14292,
PENNSYLVANIA,1922,HOUSE,23,Elisha K. Kane,Prohibition,4041,
PENNSYLVANIA,1922,HOUSE,24,Samuel A. Kendall,Republican,18261,
PENNSYLVANIA,1922,HOUSE,24,Harrison N. Boyd,Democratic,12937,
PENNSYLVANIA,1922,HOUSE,24,Herman G. Lepley,Socialist,1985,
PENNSYLVANIA,1922,HOUSE,24,Joseph Green,Union,604,
PENNSYLVANIA,1922,HOUSE,25,Henry W. Temple,Republican,14098,
PENNSYLVANIA,1922,HOUSE,25,Charles I. Faddis,Democratic,12242,
PENNSYLVANIA,1922,HOUSE,26,"Thomas W. Phillips, jr.",Republican,17730,
PENNSYLVANIA,1922,HOUSE,26,John G. Cobler,Democratic,12533,
PENNSYLVANIA,1922,HOUSE,26,George F. Turner,Socialist,1141,
PENNSYLVANIA,1922,HOUSE,27,Nathan L. Strong,Republican,18682,
PENNSYLVANIA,1922,HOUSE,27,Jane E. Leonard,Democratic,12927,
PENNSYLVANIA,1922,HOUSE,27,R. V. Johns,Socialist,1588,
PENNSYLVANIA,1922,HOUSE,27,William Anderson,Prohibition,1638,
PENNSYLVANIA,1922,HOUSE,28,Harris J. Bixler,Republican,22631,
PENNSYLVANIA,1922,HOUSE,28,Charles E. Bordwell,Democratic,11604,
PENNSYLVANIA,1922,HOUSE,28,N. H. Motsinger,Socialist,890,
PENNSYLVANIA,1922,HOUSE,29,Milton W. Shreve,Republican,19043,
PENNSYLVANIA,1922,HOUSE,29,Charles N. Crosby,Democratic,11917,
PENNSYLVANIA,1922,HOUSE,29,R. W. Tillotson,Socialist,1338,
PENNSYLVANIA,1922,HOUSE,30,Everett Kent,Democratic,25644,
PENNSYLVANIA,1922,HOUSE,30,Wm. H. Kirkpatrick,Republican,17844,
PENNSYLVANIA,1922,HOUSE,30,George Druckenmiller,Socialist,613,
PENNSYLVANIA,1922,HOUSE,31,Adam M. Wyant,Republican,17421,
PENNSYLVANIA,1922,HOUSE,31,James M. Cramer,Democratic,13081,
PENNSYLVANIA,1922,HOUSE,31,Harry Eckard,Socialist,2146,
PENNSYLVANIA,1922,HOUSE,32,Stephen G. Porter,Republican,19942,
PENNSYLVANIA,1922,HOUSE,32,P. M. O'Donnell,Democratic,5938,
PENNSYLVANIA,1922,HOUSE,32,James J. Marshall,Socialist,1277,
PENNSYLVANIA,1922,HOUSE,32,Power Gamble,Prohibition,1310,
PENNSYLVANIA,1922,HOUSE,33,M. Clyde Kelly,Republican,21899,
PENNSYLVANIA,1922,HOUSE,33,William Adams,Socialist,3106,
PENNSYLVANIA,1922,HOUSE,34,John M. Morin,Republican,15499,
PENNSYLVANIA,1922,HOUSE,34,William N. McNair,Democratic,5134,
PENNSYLVANIA,1922,HOUSE,34,Albert Jerling,Socialist,657,
PENNSYLVANIA,1922,HOUSE,35,James M. Magee,Republican,16227,
PENNSYLVANIA,1922,HOUSE,35,Louis K. Manley,Democratic,12838,
PENNSYLVANIA,1922,HOUSE,35,W. B. Miller,Socialist,1043,
PENNSYLVANIA,1922,HOUSE,36,Guy E. Campbell,Republican,20783,
PENNSYLVANIA,1922,HOUSE,36,W. W. Nooning,Socialist,1880,
PENNSYLVANIA,1922,SENATE,,David A. Reed,Republican,809483,
PENNSYLVANIA,1922,SENATE,,Wm. J. Van Essen,Socialist,55703,
PENNSYLVANIA,1922,SENATE,,Rachel C. Robinson,Prohibition,60390,
PENNSYLVANIA,1922,SENATE,,Thomas J. Davis,Single Tax,21997,
PENNSYLVANIA,1922,SENATE,,Scattering,,287,
PENNSYLVANIA,1922,SENATE,,David A. Reed,Republican,802146,
PENNSYLVANIA,1922,SENATE,,Samuel E. Shull,Democratic,434583,
PENNSYLVANIA,1922,SENATE,,Charles Sehl,Socialist,33004,
PENNSYLVANIA,1922,SENATE,,Rachel C. Robinson,Prohibition,41935,
PENNSYLVANIA,1922,SENATE,,William J. Burke,Progressive,127180,
PENNSYLVANIA,1922,SENATE,,Charles J. Schoales,Single Tax,3596,
PENNSYLVANIA,1922,SENATE,,Scattering,,41,
PENNSYLVANIA,1922,SENATE,,George Wharton Pepper,Republican,819507,
PENNSYLVANIA,1922,SENATE,,Fred B. Kerr,Democratic,498330,
PENNSYLVANIA,1922,SENATE,,William J. Van Essen,Socialist,38440,
PENNSYLVANIA,1922,SENATE,,Frank G. Lewis,Prohibition,34089,
PENNSYLVANIA,1922,SENATE,,Earl W. Thompson,Progressive,57075,
PENNSYLVANIA,1922,SENATE,,James A. Robinson,Single Tax,5356,
PENNSYLVANIA,1922,SENATE,,Scattering,,59,
RHODE ISLAND,1922,HOUSE,1,Clark Burdick,Republican,25860,
RHODE ISLAND,1922,HOUSE,1,Geo. F. O'Shaunessy,Democratic,21935,
RHODE ISLAND,1922,HOUSE,2,Richard S. Aldrich,Republican,26247,
RHODE ISLAND,1922,HOUSE,2,Percy J. Cantwell,Democratic,23680,
RHODE ISLAND,1922,HOUSE,3,Jeremiah E. O'Connell,Democratic,36147,
RHODE ISLAND,1922,HOUSE,3,Isaac Gill,Republican,21581,
RHODE ISLAND,1922,SENATOR,,Peter G. Gerry,Democratic,82889,
RHODE ISLAND,1922,SENATOR,,R. Livingston Beeckman,Republican,68930,
RHODE ISLAND,1922,SENATOR,,James Matthews,Socialist-Labor,968,
RHODE ISLAND,1922,SENATOR,,James I. Bartholomew,Law and Order,6102,
SOUTH CAROLINA,1922,HOUSE,1,W. Turner Logan,Democratic,5592,
SOUTH CAROLINA,1922,HOUSE,1,S. L. Blomgren,Republican,383,
SOUTH CAROLINA,1922,HOUSE,2,James F. Byrnes,Democratic,4163,
SOUTH CAROLINA,1922,HOUSE,3,Fred H. Dominick,Democratic,3882,
SOUTH CAROLINA,1922,HOUSE,4,John J. McSwain,Democratic,8346,
SOUTH CAROLINA,1922,HOUSE,4,M. P. Norwood,Republican,228,
SOUTH CAROLINA,1922,HOUSE,5,W. F. Stevenson,Democratic,4015,
SOUTH CAROLINA,1922,HOUSE,6,Alfred H. Gasque,Democratic,3642,
SOUTH CAROLINA,1922,HOUSE,7,Hampton P. Fulmer,Democratic,4411,
SOUTH CAROLINA,1922,HOUSE,7,J. C. Etheridge,Republican,68,
SOUTH DAKOTA,1922,HOUSE,1,C.A. Christopherson,Republican,32250,
SOUTH DAKOTA,1922,HOUSE,1,John Stedronsky,Democratic,16372,
SOUTH DAKOTA,1922,HOUSE,1,G. I. Hasvold,Nonpartisan,16230,
SOUTH DAKOTA,1922,HOUSE,2,Royal C. Johnson,Republican,37208,
SOUTH DAKOTA,1922,HOUSE,2,Emmett C. Ryan,Democratic,1491,
SOUTH DAKOTA,1922,HOUSE,2,Andrew F. Lockhart,Nonpartisan,18968,
SOUTH DAKOTA,1922,HOUSE,3,William Williamson,Republican,18819,
SOUTH DAKOTA,1922,HOUSE,3,George Philip,Democratic,11857,
SOUTH DAKOTA,1922,HOUSE,3,George H. Smith,Nonpartisan,4581,
TENNESSEE,1922,HOUSE,1,B. Carroll Reece,Republican,17050,
TENNESSEE,1922,HOUSE,1,J. T. Fugate,Democratic,5085,
TENNESSEE,1922,HOUSE,2,J. Will Taylor,Republican,14988,
TENNESSEE,1922,HOUSE,2,Rupert Reynolds,Democratic,8330,
TENNESSEE,1922,HOUSE,3,S.D. McReynolds,Democratic,19962,
TENNESSEE,1922,HOUSE,3,R.L. Burnett,Republican,13688,
TENNESSEE,1922,HOUSE,4,Cordell Hull,Democratic,20323,
TENNESSEE,1922,HOUSE,4,Walter F. Clouse,Republican,12125,
TENNESSEE,1922,HOUSE,5,Ewin L. Davis,Democratic,11634,
TENNESSEE,1922,HOUSE,6,Joseph W. Byrns,Democratic,19596,
TENNESSEE,1922,HOUSE,7,W.C. Salmon,Democratic,13662,
TENNESSEE,1922,HOUSE,7,S. A. Vest,Republican,3818,
TENNESSEE,1922,HOUSE,8,Gordon Browning,Democratic,16571,
TENNESSEE,1922,HOUSE,8,Lon A. Scott,Republican,12328,
TENNESSEE,1922,HOUSE,9,Finis J. Garrett,Democratic,15822,
TENNESSEE,1922,HOUSE,9,Homer S. Tatum,Republican,2846,
TENNESSEE,1922,HOUSE,10,Hubert Fisher,Democratic,10497,
TENNESSEE,1922,HOUSE,10,Thomas C. Phelan,Republican,1279,
TENNESSEE,1922,SENATE,,Kenneth McKellar,Democratic,151523,
TENNESSEE,1922,SENATE,,Newell Sanders,Republican,71200,
TEXAS,1922,HOUSE,1,Eugene Black,Democratic,15697,
TEXAS,1922,HOUSE,1,G. T. Bartlett,Republican,1087,
TEXAS,1922,HOUSE,2,John C. Box,Democratic,21216,
TEXAS,1922,HOUSE,2,C.A. Lord,Republican,1171,
TEXAS,1922,HOUSE,3,Morgan G. Sanders,Democratic,16323,
TEXAS,1922,HOUSE,3,L.B. Crawford,Republican,1478,
TEXAS,1922,HOUSE,4,Sam Rayburn,Democratic,21327,
TEXAS,1922,HOUSE,4,C.A. Gray,Republican,2079,
TEXAS,1922,HOUSE,5,Hatton W. Sumners,Democratic,23051,
TEXAS,1922,HOUSE,5,Heber Page,Republican,3046,
TEXAS,1922,HOUSE,6,Luther A. Johnson,Democratic,18934,
TEXAS,1922,HOUSE,6,D.H. Merrill,Republican,1208,
TEXAS,1922,HOUSE,7,Clay Stone Briggs,Democratic,12171,
TEXAS,1922,HOUSE,7,Frank S. Camper,Republican,880,
TEXAS,1922,HOUSE,8,Daniel E. Garrett,Democratic,20658,
TEXAS,1922,HOUSE,8,E.B. Barden,Republican,3454,
TEXAS,1922,HOUSE,9,Joseph J. Mansfield,Democratic,17479,
TEXAS,1922,HOUSE,9,Willett Wilson,Republican,9954,
TEXAS,1922,HOUSE,10,James P. Buchanan,Democratic,18590,
TEXAS,1922,HOUSE,10,W. J. Kveton,Republican,4374,
TEXAS,1922,HOUSE,11,Tom Connally,Democratic,16092,
TEXAS,1922,HOUSE,11,R.A. Hanrick,Republican,1630,
TEXAS,1922,HOUSE,12,Fritz G. Lanham,Democratic,20014,
TEXAS,1922,HOUSE,12,"Joe Kingsberry, jr.",Republican,3772,
TEXAS,1922,HOUSE,13,Guinn Williams,Democratic,17905,
TEXAS,1922,HOUSE,13,John B. Schmitz,Republican,1332,
TEXAS,1922,HOUSE,14,Harry M. Wurzbach,Republican,19083,
TEXAS,1922,HOUSE,14,Harry Hertzberg,Democratic,15760,
TEXAS,1922,HOUSE,15,John N. Garner,Democratic,14366,
TEXAS,1922,HOUSE,16,C. B. Hudspeth,Democratic,17970,
TEXAS,1922,HOUSE,16,J. A. Simpson,Republican,4253,
TEXAS,1922,HOUSE,17,Thomas L. Blanton,Democratic,24576,
TEXAS,1922,HOUSE,17,W.D. Girand,Republican,2266,
TEXAS,1922,HOUSE,18,Marvin Jones,Democratic,24515,
TEXAS,1922,HOUSE,18,H.O. Ward,Republican,1649,tough to read
TEXAS,1922,SENATE,,Earle B. Mayfield,Democratic,264260,
TEXAS,1922,SENATE,,George E. B. Peddy,Republican,130744,
UTAH,1922,HOUSE,1,Don B. Colton,Republican,33188,
UTAH,1922,HOUSE,1,Milton H. Welling,Democratic,27801,
UTAH,1922,HOUSE,1,John O. Wallace,Soc.-Farm.-Lab.,1949,
UTAH,1922,HOUSE,2,Elmer O. Leatherwood,Republican,28591,
UTAH,1922,HOUSE,2,David C. Dunbar,Democratic,26145,
UTAH,1922,HOUSE,2,E.G. Locke,Soc.-Farm.-Lab.,1959,
UTAH,1922,SENATE,,William H. King,Democratic,58749,
UTAH,1922,SENATE,,Ernest Bamberger,Republican,58188,
UTAH,1922,SENATE,,C.T. Stoney,Soc.-Farm.-Lab.,3875,
VERMONT,1922,HOUSE,1,Frederick G. Fleetwood,Republican,19359,
VERMONT,1922,HOUSE,1,James E. Kennedy,Democratic,17821,
VERMONT,1922,HOUSE,2,Porter H. Dale,Republican,25981,
VERMONT,1922,HOUSE,2,John J. Wilson,Democratic,7170,
VERMONT,1922,SENATE,,Frank L. Greene,Republican,47669,
VERMONT,1922,SENATE,,William B. Mayo,Democratic,21375,
VIRGINIA,1922,HOUSE,1,Schuyler Otis Bland,Democratic,8629,
VIRGINIA,1922,HOUSE,1,George N. Wise,Republican,1432,
VIRGINIA,1922,HOUSE,1,J. J. Jones,Republican,207,
VIRGINIA,1922,HOUSE,2,Joseph T. Deal,Democratic,7377,
VIRGINIA,1922,HOUSE,2,P.S. Stephenson,Republican,1045,
VIRGINIA,1922,HOUSE,2,W.W. Foreman,Republican,101,
VIRGINIA,1922,HOUSE,3,Andrew J. Montague,Democratic,7746,
VIRGINIA,1922,HOUSE,3,Channing M. Ward,Republican,847,tough to read
VIRGINIA,1922,HOUSE,4,Patrick H. Drewry,Democratic,5737,
VIRGINIA,1922,HOUSE,4,Herbert Rogers,Republican,882,
VIRGINIA,1922,HOUSE,4,W.H. Gill,,97,
VIRGINIA,1922,HOUSE,5,J.M. Hooker,Democratic,11458,
VIRGINIA,1922,HOUSE,5,Charles P. Smith,,4699,
VIRGINIA,1922,HOUSE,6,Clifton A. Woodrum,Democratic,9505,
VIRGINIA,1922,HOUSE,6,F.W. McWane,Republican,2688,
VIRGINIA,1922,HOUSE,7,Thomas W. Harrison,Democratic,12954,
VIRGINIA,1922,HOUSE,7,John Paul,Republican,7841,
VIRGINIA,1922,HOUSE,8,R. Walton Moore,Democratic,8702,
VIRGINIA,1922,HOUSE,8,John S. Wiley,Republican,1741,
VIRGINIA,1922,HOUSE,9,George C. Peery,Democratic,32163,
VIRGINIA,1922,HOUSE,9,John H. Hassinger,Republican,29227,
VIRGINIA,1922,HOUSE,10,Henry St. George Tucker,Democratic,8635,
VIRGINIA,1922,HOUSE,10,John Martin,Republican,2521,
VIRGINIA,1922,SENATE,,Claude A. Swanson,Democratic,116393,
VIRGINIA,1922,SENATE,,J. W. McGavock,Republican,42903,
VIRGINIA,1922,SENATE,,Matt N. Lewis,Independent,2627,
WASHINGTON,1922,HOUSE,1,John F. Miller,Republican,29579,
WASHINGTON,1922,HOUSE,1,Edgar C. Snyder,Democratic,13127,
WASHINGTON,1922,HOUSE,1,Fred N. Nelson,Farmer-Labor,8862,
WASHINGTON,1922,HOUSE,2,Lindley H. Hadley,Republican,29906,
WASHINGTON,1922,HOUSE,2,Fred A. Clise,Democratic,10608,
WASHINGTON,1922,HOUSE,2,P.B. Tyler,Farmer-Labor,10150,
WASHINGTON,1922,HOUSE,3,Albert Johnson,Republican,45326,
WASHINGTON,1922,HOUSE,3,J.M. Phillips,Farmer-Labor,14118,
WASHINGTON,1922,HOUSE,4,John W. Summers,Republican,29697,
WASHINGTON,1922,HOUSE,4,Charles R. Hill,Democratic,10337,
WASHINGTON,1922,HOUSE,4,Elihu Bowles,Farmer-Labor,3292,
WASHINGTON,1922,HOUSE,5,J. Stanley Webster,Republican,26982,
WASHINGTON,1922,HOUSE,5,Sam B. Hill,Democratic,24810,
WASHINGTON,1922,HOUSE,5,Harry J. Vaughan,Farmer-Labor,3095,
WASHINGTON,1922,SENATE,,C.C. Dill,Democratic,130347,
WASHINGTON,1922,SENATE,,Miles Poindexter,Republican,126410,
WASHINGTON,1922,SENATE,,James A. Duncan,Farmer-Labor,35326,
WASHINGTON,1922,SENATE,,David Burgess,Socialist-Labor,1904,
WASHINGTON,1922,SENATE,,Frans Bostrom,Workers Party,482,
WEST VIRGINIA,1922,HOUSE,1,Benj. L. Rosenbloom,Republican,28644,
WEST VIRGINIA,1922,HOUSE,1,Raymond Kenny,Democratic,25794,
WEST VIRGINIA,1922,HOUSE,1,John H. Snider,,43,
WEST VIRGINIA,1922,HOUSE,2,R.E.L. Allen,Democratic,27320,
WEST VIRGINIA,1922,HOUSE,2,George M. Bowers,Republican,24764,
WEST VIRGINIA,1922,HOUSE,2,John C. Chase,Socialist,1004,
WEST VIRGINIA,1922,HOUSE,3,Stuart F. Reed,Republican,32066,
WEST VIRGINIA,1922,HOUSE,3,Eskridge H. Morton,Democratic,31382,
WEST VIRGINIA,1922,HOUSE,4,George W. Johnson,Democratic,32355,
WEST VIRGINIA,1922,HOUSE,4,Harry C. Woodyard,Republican,31448,
WEST VIRGINIA,1922,HOUSE,5,Thomas J. Lilly,Democratic,35354,
WEST VIRGINIA,1922,HOUSE,5,Wells Goodykoontz,Republican,33267,
WEST VIRGINIA,1922,HOUSE,6,J. Alfred Taylor,Democratic,42320,
WEST VIRGINIA,1922,HOUSE,6,Leonard S. Echols,Republican,34901,
WEST VIRGINIA,1922,HOUSE,6,Homer James,Socialist,818,
WEST VIRGINIA,1922,SENATE,,M.M. Neely,Democratic,198853,
WEST VIRGINIA,1922,SENATE,,Howard Sutherland,Republican,185046,
WEST VIRGINIA,1922,SENATE,,M.S. Holt,Socialist,4895,
WISCONSIN,1922,HOUSE,1,Henry Allen Cooper,Republican,37958,
WISCONSIN,1922,HOUSE,1,Niels P. Nielsen,Socialist,2179,
WISCONSIN,1922,HOUSE,2,Edward Voigt,Republican,32494,
WISCONSIN,1922,HOUSE,2,William F. Schanen,Democratic,7668,
WISCONSIN,1922,HOUSE,3,John M. Nelson,Republican,33002,
WISCONSIN,1922,HOUSE,3,Martha Riley,Independent Democrat,8379,
WISCONSIN,1922,HOUSE,4,John C. Schafer,Republican,19179,
WISCONSIN,1922,HOUSE,4,Edmund T. Melms,Socialist,18548,
WISCONSIN,1922,HOUSE,5,Victor L. Berger,Socialist,30045,
WISCONSIN,1922,HOUSE,5,William H. Stafford,Republican,26274,
WISCONSIN,1922,HOUSE,6,Florian Lampert,Republican,34365,
WISCONSIN,1922,HOUSE,6,W. E. Cavanaugh,Independent Democrat,5572,
WISCONSIN,1922,HOUSE,7,Joseph D. Beck,Republican,27371,
WISCONSIN,1922,HOUSE,7,Bert A. Jollivette,Independent Democrat,3923,
WISCONSIN,1922,HOUSE,8,Edward E. Browne,Republican,33860,
WISCONSIN,1922,HOUSE,8,Herman A. Marth,Independent Socialist,2946,
WISCONSIN,1922,HOUSE,9,George J. Schneider,Republican,35117,
WISCONSIN,1922,HOUSE,9,Henry Graass,Independent Progressive Republican,22015,
WISCONSIN,1922,HOUSE,10,James A. Frear,Republican,29781,
WISCONSIN,1922,HOUSE,10,Olin Swenson,Socialist,444,
WISCONSIN,1922,HOUSE,11,Hubert H. Peavey,Republican,36635,
WISCONSIN,1922,SENATE,,Robert M. La Follette,Republican,379494,
WISCONSIN,1922,SENATE,,Jessie Jack Hooper,Independent Democrat,78029,
WISCONSIN,1922,SENATE,,Adolph R. Bucknam,Prohibition,11254,
WISCONSIN,1922,SENATE,,Richard Koeppel,Independent Socialist Labor,1656,
WYOMING,1922,HOUSE,,Charles E. Winter,Republican,30885,
WYOMING,1922,HOUSE,,Robert R. Rose,Democratic,27017,
WYOMING,1922,HOUSE,,D. A. Hastings,Socialist,857,
WYOMING,1922,SENATE,,John B. Kendrick,Democratic,35734,
WYOMING,1922,SENATE,,Frank W. Mondell,Republican,26627,
WYOMING,1922,SENATE,,W. B. Guthrie,Socialist,612,